CÓDIGO DO PROCEDIMENTO NO SIGTAP;PROCEDIMENTO CIRÚRGICO;QUANTIDADE DE SOLICITAÇÕES NA FILA ATÉ DIA 31/12/22;Redução do Tamanho da Fila (%);Prazo para reduzir o % proposto (em meses);Qtde de cirurgias a serem feitas no prazo pactuado;SQ (CODIGO Interno;UF;STATUS
404010016;ADENOIDECTOMIA;6;1;9;6;100001;TOCANTINS;NAO_APROVADO
408060018;ALONGAMENTO / ENCURTAMENTO MIOTENDINOSO;5;1;9;5;100002;TOCANTINS;NAO_APROVADO
408060026;ALONGAMENTO E/OU TRANSPORTE DE OSSOS DA MÃO E/OU DO PÉ;1;1;9;1;100003;TOCANTINS;NAO_APROVADO
408060034;ALONGAMENTO E/OU TRANSPORTE ÓSSEO DE OSSOS LONGOS (EXCETO DA MÃO E DO PÉ);4;1;9;4;100004;TOCANTINS;NAO_APROVADO
404030084;ALVEOLOPLASTIA COM ENXERTO ÓSSEO EM PACIENTE COM ANOMALIA CRÂNIOFACIAL;8;1;9;8;100005;TOCANTINS;NAO_APROVADO
404010024;AMIGDALECTOMIA;20;1;9;20;100006;TOCANTINS;NAO_APROVADO
404010032;AMIGDALECTOMIA C/ ADENOIDECTOMIA;42;1;9;42;100007;TOCANTINS;NAO_APROVADO
406010048;AMPLIAÇÃO DE VIA DE SAÍDA DO VENTRICULO DIREITO E/OU RAMOS PULMONARES;1;1;9;1;100008;TOCANTINS;NAO_APROVADO
416090010;AMPUTAÇÃO / DESARTICULAÇÃO DE MEMBROS INFERIORES EM ONCOLOGIA;1;1;9;1;100009;TOCANTINS;NAO_APROVADO
416010229;AMPUTAÇÃO TOTAL AMPLIADA DE PENIS EM ONCOLOGIA;1;1;9;1;100010;TOCANTINS;NAO_APROVADO
406010080;ANASTOMOSE SISTEMICO-PULMONAR;1;1;9;1;100011;TOCANTINS;NAO_APROVADO
406030022;ANGIOPLASTIA CORONARIANA C/ IMPLANTE DE DOIS STENTS;1;1;9;1;100012;TOCANTINS;NAO_APROVADO
406030030;ANGIOPLASTIA CORONARIANA COM IMPLANTE DE STENT;12;1;9;12;100013;TOCANTINS;NAO_APROVADO
406040060;ANGIOPLASTIA INTRALUMINAL DE VASOS DAS EXTREMIDADES (COM STENT NÃO RECOBERTO);1;1;9;1;100014;TOCANTINS;NAO_APROVADO
406040052;ANGIOPLASTIA INTRALUMINAL DE VASOS DAS EXTREMIDADES (SEM STENT);1;1;9;1;100015;TOCANTINS;NAO_APROVADO
406040087;ANGIOPLASTIA INTRALUMINAL DE VASOS DO PESCOÇO / TRONCOS SUPRA-AÓRTICOS (SEM STENT);1;1;9;1;100016;TOCANTINS;NAO_APROVADO
406040095;ANGIOPLASTIA INTRALUMINAL DE VASOS DO PESCOÇO OU TRONCOS SUPRA-AÓRTICOS (COM STENT NÃO RECOBERTO);3;1;9;3;100017;TOCANTINS;NAO_APROVADO
406040133;ANGIOPLASTIA INTRALUMINAL DOS VASOS DO PESCOÇO / TRONCOS SUPRA-AÓRTICOS (COM STENT RECOBERTO);1;1;9;1;100018;TOCANTINS;NAO_APROVADO
408030011;ARTRODESE CERVICAL / CERVICO TORÁCICA POSTERIOR CINCO NIVEIS;6;1;9;6;100019;TOCANTINS;NAO_APROVADO
408030038;ARTRODESE CERVICAL / CERVICO-TORÁCICA POSTERIOR DOIS NÍVEIS;1;1;9;1;100020;TOCANTINS;NAO_APROVADO
408030046;ARTRODESE CERVICAL / CERVICO-TORÁCICA POSTERIOR SEIS NÍVEIS;4;1;9;4;100021;TOCANTINS;NAO_APROVADO
408030054;ARTRODESE CERVICAL / CERVICO-TORÁCICA POSTERIOR TRES NÍVEIS;1;1;9;1;100022;TOCANTINS;NAO_APROVADO
408030020;ARTRODESE CERVICAL / CERVICO-TORÁCICA POSTERIOR UM NIVEL;7;1;9;7;100023;TOCANTINS;NAO_APROVADO
408030070;ARTRODESE CERVICAL ANTERIOR DOIS NÍVEIS;4;1;9;4;100024;TOCANTINS;NAO_APROVADO
408030100;ARTRODESE CERVICAL ANTERIOR QUATRO NÍVEIS;2;1;9;2;100025;TOCANTINS;NAO_APROVADO
408030062;ARTRODESE CERVICAL ANTERIOR TRÊS NIVEIS;3;1;9;3;100026;TOCANTINS;NAO_APROVADO
408030119;ARTRODESE CERVICAL ANTERIOR UM NÍVEL;1;1;9;1;100027;TOCANTINS;NAO_APROVADO
408040017;ARTRODESE COXOFEMORAL;1;1;9;1;100028;TOCANTINS;NAO_APROVADO
408010010;ARTRODESE DE GRANDES ARTICULAÇÕES ESCAPULO-TORÁCICAS;1;1;9;1;100029;TOCANTINS;NAO_APROVADO
408010029;ARTRODESE DE GRANDES ARTICULAÇÕES ESCAPULO-UMERAIS;4;1;9;4;100030;TOCANTINS;NAO_APROVADO
408050039;ARTRODESE DE MEDIAS / GRANDES ARTICULACOES DE MEMBRO INFERIOR;8;1;9;8;100031;TOCANTINS;NAO_APROVADO
408020032;ARTRODESE DE MÉDIAS / GRANDES ARTICULAÇÕES DE MEMBRO SUPERIOR;7;1;9;7;100032;TOCANTINS;NAO_APROVADO
408060050;ARTRODESE DE PEQUENAS ARTICULAÇÕES;3;1;9;3;100033;TOCANTINS;NAO_APROVADO
408030160;ARTRODESE INTERSOMATICA VIA POSTERIOR / POSTERO-LATERAL TRES NÍVEIS;1;1;9;1;100034;TOCANTINS;NAO_APROVADO
408030135;ARTRODESE INTERSOMATICA VIA POSTERIOR / POSTERO-LATERAL UM NÍVEL;3;1;9;3;100035;TOCANTINS;NAO_APROVADO
408030240;ARTRODESE TORACO-LOMBO-SACRA ANTERIOR DOIS NIVEIS;1;1;9;1;100036;TOCANTINS;NAO_APROVADO
408030232;ARTRODESE TORACO-LOMBO-SACRA ANTERIOR UM NÍVEL;9;1;9;9;100037;TOCANTINS;NAO_APROVADO
408030275;ARTRODESE TORACO-LOMBO-SACRA POSTERIOR TRÊS NIVEIS;1;1;9;1;100038;TOCANTINS;NAO_APROVADO
408030267;ARTRODESE TORACO-LOMBO-SACRA POSTERIOR UM NÍVEL;20;1;9;20;100039;TOCANTINS;NAO_APROVADO
408030291;ARTRODESE TORACO-LOMBO-SACRA POSTERIOR, DOIS NÍVEIS,;2;1;9;2;100040;TOCANTINS;NAO_APROVADO
408030313;ARTRODESE TORACO-LOMBO-SACRA POSTERIOR, SEIS NÍVEIS,;1;1;9;1;100041;TOCANTINS;NAO_APROVADO
408050047;ARTROPLASTIA DE JOELHO (NAO CONVENCIONAL);15;1;9;15;100042;TOCANTINS;NAO_APROVADO
408040041;ARTROPLASTIA DE QUADRIL (NÃO CONVENCIONAL);74;1;9;74;100043;TOCANTINS;NAO_APROVADO
408060069;ARTROPLASTIA DE RESSECÇÃO DE MÉDIA / GRANDE ARTICULAÇÃO;2;1;9;2;100044;TOCANTINS;NAO_APROVADO
408060077;ARTROPLASTIA DE RESSECÇÃO DE PEQUENAS ARTICULAÇÕES;5;1;9;5;100045;TOCANTINS;NAO_APROVADO
408040076;ARTROPLASTIA DE REVISÃO OU RECONSTRUÇÃO DO QUADRIL;15;1;9;15;100046;TOCANTINS;NAO_APROVADO
408010037;ARTROPLASTIA ESCAPULO-UMERAL (NÃO CONVENCIONAL);2;1;9;2;100047;TOCANTINS;NAO_APROVADO
408010045;ARTROPLASTIA ESCAPULO-UMERAL PARCIAL;3;1;9;3;100048;TOCANTINS;NAO_APROVADO
408010053;ARTROPLASTIA ESCAPULO-UMERAL TOTAL;2;1;9;2;100049;TOCANTINS;NAO_APROVADO
408040050;ARTROPLASTIA PARCIAL DE QUADRIL;2;1;9;2;100050;TOCANTINS;NAO_APROVADO
408040068;ARTROPLASTIA TOTAL DE CONVERSÃO DO QUADRIL;11;1;9;11;100051;TOCANTINS;NAO_APROVADO
408020075;ARTROPLASTIA TOTAL DE COTOVELO;3;1;9;3;100052;TOCANTINS;NAO_APROVADO
408020083;ARTROPLASTIA TOTAL DE COTOVELO (REVISAO / RECONSTRUCAO);1;1;9;1;100053;TOCANTINS;NAO_APROVADO
408050055;ARTROPLASTIA TOTAL DE JOELHO - REVISAO / RECONSTRUCAO;7;1;9;7;100054;TOCANTINS;NAO_APROVADO
408050063;ARTROPLASTIA TOTAL PRIMARIA DO JOELHO;56;1;9;56;100055;TOCANTINS;NAO_APROVADO
408040084;ARTROPLASTIA TOTAL PRIMÁRIA DO QUADRIL CIMENTADA;17;1;9;17;100056;TOCANTINS;NAO_APROVADO
408040092;ARTROPLASTIA TOTAL PRIMARIA DO QUADRIL NÃO CIMENTADA / HÍBRIDA;44;1;9;44;100057;TOCANTINS;NAO_APROVADO
408050071;ARTROPLASTIA UNICOMPARTIMENTAL PRIMARIA DO JOELHO;3;1;9;3;100058;TOCANTINS;NAO_APROVADO
406011320;BANDAGEM DA ARTERIA PULMONAR (CRIANÇA E ADOLESCENTE);1;1;9;1;100059;TOCANTINS;NAO_APROVADO
409010014;CAPSULECTOMIA RENAL;1;1;9;1;100060;TOCANTINS;NAO_APROVADO
405050046;CICLOCRIOCOAGULACAO / DIATERMIA;1;1;9;1;100063;TOCANTINS;NAO_APROVADO
407010386;CIRURGIA BARIÁTRICA POR VIDEOLAPAROSCOPIA;16;1;9;16;100064;TOCANTINS;NAO_APROVADO
409010030;CISTECTOMIA TOTAL;1;1;9;1;100065;TOCANTINS;NAO_APROVADO
409010065;CISTOLITOTOMIA E/OU RETIRADA DE CORPO ESTRANHO DA BEXIGA;3;1;9;3;100066;TOCANTINS;NAO_APROVADO
407030026;COLECISTECTOMIA;267;1;9;267;100067;TOCANTINS;NAO_APROVADO
407030034;COLECISTECTOMIA VIDEOLAPAROSCOPICA;83;1;9;83;100068;TOCANTINS;NAO_APROVADO
407020071;COLECTOMIA TOTAL;2;1;9;2;100069;TOCANTINS;NAO_APROVADO
407020080;COLECTOMIA VIDEOLAPAROSCOPICA;1;1;9;1;100070;TOCANTINS;NAO_APROVADO
407030069;COLEDOCOTOMIA C/ OU S/ COLECISTECTOMIA;1;1;9;1;100071;TOCANTINS;NAO_APROVADO
407020101;COLOSTOMIA;20;1;9;20;100072;TOCANTINS;NAO_APROVADO
409070033;COLPOCLEISE (CIRURGIA DE LE FORT);1;1;9;1;100073;TOCANTINS;NAO_APROVADO
409070050;COLPOPERINEOPLASTIA ANTERIOR E POSTERIOR;167;1;9;167;100074;TOCANTINS;NAO_APROVADO
409060020;COLPOPERINEOPLASTIA ANTERIOR E POSTERIOR C/ AMPUTACAO DE COLO;3;1;9;3;100075;TOCANTINS;NAO_APROVADO
409070068;COLPOPERINEOPLASTIA POSTERIOR;8;1;9;8;100076;TOCANTINS;NAO_APROVADO
406010137;CORREÇÃO DE ANEURISMA / DISSECÇÃO DA AORTA TORACO-ABDOMINAL;5;1;9;5;100077;TOCANTINS;NAO_APROVADO
406010188;CORREÇÃO DE COARCTAÇÃO DA AORTA;1;1;9;1;100078;TOCANTINS;NAO_APROVADO
406011249;CORRECAO DE COARCTACAO DA AORTA COM CEC;1;1;9;1;100079;TOCANTINS;NAO_APROVADO
409050024;CORRECAO DE EPISPADIA;1;1;9;1;100080;TOCANTINS;NAO_APROVADO
409050032;CORRECAO DE HIPOSPADIA (1O TEMPO);49;1;9;49;100081;TOCANTINS;NAO_APROVADO
409050040;CORRECAO DE HIPOSPADIA (2O TEMPO);14;1;9;14;100082;TOCANTINS;NAO_APROVADO
406011419;CORRECAO DE INSUFICIENCIA MITRAL CONGENITA (CRIANÇA E ADOLESCENTE);1;1;9;1;100083;TOCANTINS;NAO_APROVADO
406010412;CORREÇÃO DE PERSISTÊNCIA DO CANAL ARTERIAL NO RÉCEM-NASCIDO;1;1;9;1;100084;TOCANTINS;NAO_APROVADO
413040020;CORREÇÃO DE RETRAÇÃO CICATRICIAL VÁRIOS ESTÁGIOS;1;1;9;1;100085;TOCANTINS;NAO_APROVADO
406010439;CORRECAO DE TETRALOGIA DE FALLOT E VARIANTES;1;1;9;1;100086;TOCANTINS;NAO_APROVADO
406010420;CORREÇÃO DE TETRALOGIA DE FALLOT E VARIANTES (CRIANÇA E ADOLESCENTE);1;1;9;1;100087;TOCANTINS;NAO_APROVADO
406040150;CORREÇÃO ENDOVASCULAR DE ANEURISMA / DISSECÇÃO DA AORTA ABDOMINAL COM ENDOPRÓTESE RETA / CÔNICA;3;1;9;3;100088;TOCANTINS;NAO_APROVADO
406040168;CORREÇÃO ENDOVASCULAR DE ANEURISMA / DISSECÇÃO DA AORTA ABDOMINAL E ILÍACAS COM ENDOPRÓTESE BIFURCADA;1;1;9;1;100089;TOCANTINS;NAO_APROVADO
406040176;CORREÇÃO ENDOVASCULAR DE ANEURISMA / DISSECÇÃO DA AORTA TORÁCICA COM ENDOPRÓTESE RETA OU CÔNICA;2;1;9;2;100090;TOCANTINS;NAO_APROVADO
403010012;CRANIOPLASTIA;20;1;9;20;100091;TOCANTINS;NAO_APROVADO
403010047;CRANIOTOMIA PARA RETIRADA DE CISTO / ABSCESSO / GRANULOMA ENCEFALICO;3;1;9;3;100092;TOCANTINS;NAO_APROVADO
403030030;CRANIOTOMIA PARA RETIRADA DE TUMOR CEREBRAL INCLUSIVO DA FOSSA POSTERIOR;6;1;9;6;100093;TOCANTINS;NAO_APROVADO
403030048;CRANIOTOMIA PARA RETIRADA DE TUMOR INTRACRANIANO;1;1;9;1;100094;TOCANTINS;NAO_APROVADO
407020110;CRIPTECTOMIA UNICA / MULTIPLA;2;1;9;2;100095;TOCANTINS;NAO_APROVADO
409060046;CURETAGEM SEMIOTICA C/ OU S/ DILATACAO DO COLO DO UTERO;3;1;9;3;100096;TOCANTINS;NAO_APROVADO
415040035;DEBRIDAMENTO DE ULCERA / DE TECIDOS DESVITALIZADOS;1;1;9;1;100097;TOCANTINS;NAO_APROVADO
403010098;DERIVACAO VENTRICULAR EXTERNAR-SUBGALEAL EXTERNA;1;1;9;1;100099;TOCANTINS;NAO_APROVADO
403010101;DERIVACAO VENTRICULAR PARA PERITONEO / ATRIO / PLEURA / RAQUE;1;1;9;1;100100;TOCANTINS;NAO_APROVADO
413040046;DERMOLIPECTOMIA ABDOMINAL NAO ESTETICA (PLASTICA ABDOMINAL);6;1;9;6;100101;TOCANTINS;NAO_APROVADO
413040054;DERMOLIPECTOMIA ABDOMINAL POS-CIRURGIA BARIATRICA;9;1;9;9;100102;TOCANTINS;NAO_APROVADO
413040062;DERMOLIPECTOMIA BRAQUIAL POS-CIRURGIA BARIÁTRICA;1;1;9;1;100103;TOCANTINS;NAO_APROVADO
408060093;DESCOMPRESSÃO COM ESVAZIAMENTO MEDULAR POR BROCAGEM / VIA CORTICOTOMIA;2;1;9;2;100104;TOCANTINS;NAO_APROVADO
403040027;DESCOMPRESSAO NEUROVASCULAR DE NERVOS CRANIANOS;1;1;9;1;100105;TOCANTINS;NAO_APROVADO
408030380;DISCECTOMIA CERVICAL / LOMBAR / LOMBO-SACRA POR VIA POSTERIOR (1 NÍVEL C/ MICROSCÓPIO);1;1;9;1;100107;TOCANTINS;NAO_APROVADO
408030402;DISCECTOMIA CERVICAL / LOMBAR / LOMBO-SACRA POR VIA POSTERIOR (DOIS NÍVEIS);11;1;9;11;100108;TOCANTINS;NAO_APROVADO
408030399;DISCECTOMIA CERVICAL / LOMBAR / LOMBO-SACRA POR VIA POSTERIOR (UM NÍVEL);3;1;9;3;100109;TOCANTINS;NAO_APROVADO
403070040;EMBOLIZAÇÃO DE ANEURISMA CEREBRAL MAIOR QUE 1,5 CM COM COLO ESTREITO;9;1;9;9;100110;TOCANTINS;NAO_APROVADO
403070058;EMBOLIZAÇÃO DE ANEURISMA CEREBRAL MAIOR QUE 1,5 CM COM COLO LARGO;5;1;9;5;100111;TOCANTINS;NAO_APROVADO
403070163;EMBOLIZAÇÃO DE ANEURISMA CEREBRAL MENOR DO QUE 1,5 CM COM COLO LARGO;5;1;9;5;100112;TOCANTINS;NAO_APROVADO
403070155;EMBOLIZAÇÃO DE ANEURISMA CEREBRAL MENOR QUE 1,5 CM COM COLO ESTREITO;1;1;9;1;100113;TOCANTINS;NAO_APROVADO
403070104;EMBOLIZAÇÃO DE MALFORMAÇÃO ARTERIO-VENOSA DURAL COMPLEXA DO SISTEMA NERVOSO CENTRAL;3;1;9;3;100114;TOCANTINS;NAO_APROVADO
406040206;EMBOLIZAÇÃO DE MALFORMAÇÃO VASCULAR ARTÉRIO-VENOSA (INCLUI ESTUDO ANGIOGRÁFICO);5;1;9;5;100115;TOCANTINS;NAO_APROVADO
407020179;ENTERECTOMIA;1;1;9;1;100116;TOCANTINS;NAO_APROVADO
401020010;ENXERTO COMPOSTO;1;1;9;1;100117;TOCANTINS;NAO_APROVADO
401020037;ENXERTO LIVRE DE PELE TOTAL;2;1;9;2;100118;TOCANTINS;NAO_APROVADO
403020018;ENXERTO MICROCIRURGICO DE NERVO PERIFERICO (2 OU MAIS NERVOS);1;1;9;1;100119;TOCANTINS;NAO_APROVADO
403020026;ENXERTO MICROCIRURGICO DE NERVO PERIFERICO (ÚNICO NERVO);2;1;9;2;100120;TOCANTINS;NAO_APROVADO
408040122;EPIFISIODESE DO TROCANTER MAIOR DO FÊMUR;2;1;9;2;100121;TOCANTINS;NAO_APROVADO
407020217;ESFINCTEROTOMIA INTERNA E TRATAMENTO DE FISSURA ANAL;1;1;9;1;100122;TOCANTINS;NAO_APROVADO
407010033;ESOFAGECTOMIA DISTAL C/ TORACOTOMIA;1;1;9;1;100123;TOCANTINS;NAO_APROVADO
407010041;ESOFAGECTOMIA DISTAL S/ TORACOTOMIA;1;1;9;1;100124;TOCANTINS;NAO_APROVADO
407010050;ESOFAGECTOMIA VIDEOLAPAROSCOPICA;3;1;9;3;100125;TOCANTINS;NAO_APROVADO
407010084;ESOFAGOPLASTIA / GASTROPLASTIA;1;1;9;1;100126;TOCANTINS;NAO_APROVADO
406050015;ESTUDO ELETROFISIOLÓGICO DIAGNÓSTICO;1;1;9;1;100127;TOCANTINS;NAO_APROVADO
406050040;ESTUDO ELETROFISIOLÓGICO TERAPÊUTICO I (ABLAÇÃO DE TAQUICARDIA POR REENTRADA NODAL DE VIAS ANÔMALAS DIREITAS, DE TV IDIOPÁTICA, DE VENTRÍCULO DIREITO E VENTRÍCULO ESQUERDO).;1;1;9;1;100128;TOCANTINS;NAO_APROVADO
406050058;ESTUDO ELETROFISIOLÓGICO TERAPÊUTICO I (ABLAÇÃO DO NÓDULO ARCHOV-TAWARA);1;1;9;1;100129;TOCANTINS;NAO_APROVADO
406050066;ESTUDO ELETROFISIOLÓGICO TERAPÊUTICO II (ABLAÇÃO DAS VIAS ANÔMALAS MÚLTIPLAS);1;1;9;1;100130;TOCANTINS;NAO_APROVADO
406050074;ESTUDO ELETROFISIOLÓGICO TERAPÊUTICO II (ABLAÇÃO DE FIBRILAÇÃO ATRIAL);1;1;9;1;100131;TOCANTINS;NAO_APROVADO
406050139;ESTUDO ELETROFISIOLÓGICO TERAPÊUTICO II (ABLAÇÃO DE VIAS ANÔMALAS ESQUERDAS);2;1;9;2;100132;TOCANTINS;NAO_APROVADO
401020045;EXCISAO E ENXERTO DE PELE (HEMANGIOMA, NEVUS OU TUMOR );16;1;9;16;100134;TOCANTINS;NAO_APROVADO
416080030;EXCISÃO E SUTURA COM PLASTICA EM Z NA PELE EM ONCOLOGIA;48;1;9;48;100135;TOCANTINS;NAO_APROVADO
401020053;EXCISAO E SUTURA DE LESAO NA PELE C/ PLASTICA EM Z OU ROTACAO DE RETALHO;21;1;9;21;100136;TOCANTINS;NAO_APROVADO
416050050;EXCISÃO LOCAL DE TUMOR DO RETO EM ONCOLOGIA;1;1;9;1;100139;TOCANTINS;NAO_APROVADO
409060038;EXCISÃO TIPO 3 DO COLO UTERINO;25;1;9;25;100140;TOCANTINS;NAO_APROVADO
401020061;EXERESE DE CISTO BRANQUIAL;2;1;9;2;100142;TOCANTINS;NAO_APROVADO
401020070;EXERESE DE CISTO DERMOIDE;2;1;9;2;100144;TOCANTINS;NAO_APROVADO
401020088;EXERESE DE CISTO SACRO-COCCIGEO;3;1;9;3;100145;TOCANTINS;NAO_APROVADO
401020096;EXERESE DE CISTO TIREOGLOSSO;3;1;9;3;100146;TOCANTINS;NAO_APROVADO
409070149;EXERESE DE CISTO VAGINAL;2;1;9;2;100147;TOCANTINS;NAO_APROVADO
409070157;EXERESE DE GLANDULA DE BARTHOLIN / SKENE;12;1;9;12;100148;TOCANTINS;NAO_APROVADO
404010113;EXERESE DE PAPILOMA EM LARINGE;2;1;9;2;100149;TOCANTINS;NAO_APROVADO
408060123;EXPLORAÇÃO ARTICULAR C/ OU S/ SINOVECTOMIA DE MÉDIAS / GRANDES ARTICULAÇÕES;5;1;9;5;100153;TOCANTINS;NAO_APROVADO
408060131;EXPLORAÇÃO ARTICULAR C/ OU S/ SINOVECTOMIA DE PEQUENAS ARTICULAÇÕES;2;1;9;2;100154;TOCANTINS;NAO_APROVADO
401020100;EXTIRPACAO E SUPRESSAO DE LESAO DE PELE E DE TECIDO CELULAR SUBCUTANEO;10;1;9;10;100155;TOCANTINS;NAO_APROVADO
416080120;EXTIRPAÇÃO MÚLTIPLA DE LESÃO DA PELE OU TECIDO CELULAR SUBCUTÂNEO EM ONCOLOGIA;3;1;9;3;100156;TOCANTINS;NAO_APROVADO
409010146;EXTRACAO ENDOSCOPICA DE CALCULO EM PELVE RENAL;2;1;9;2;100157;TOCANTINS;NAO_APROVADO
405050097;FACECTOMIA C/ IMPLANTE DE LENTE INTRA-OCULAR;1;1;9;1;100160;TOCANTINS;NAO_APROVADO
405050372;FACOEMULSIFICACAO C/ IMPLANTE DE LENTE INTRA-OCULAR DOBRAVEL;20;1;9;20;100161;TOCANTINS;NAO_APROVADO
408060140;FASCIECTOMIA;5;1;9;5;100162;TOCANTINS;NAO_APROVADO
408050080;FASCIOTOMIA DE MEMBROS INFERIORES;1;1;9;1;100163;TOCANTINS;NAO_APROVADO
406010536;FECHAMENTO DE COMUNICAÇÃO INTERATRIAL;5;1;9;5;100164;TOCANTINS;NAO_APROVADO
406010544;FECHAMENTO DE COMUNICAÇÃO INTERVENTRICULAR;3;1;9;3;100165;TOCANTINS;NAO_APROVADO
406011460;FECHAMENTO DE COMUNICACAO INTERVENTRICULAR (CRIANÇA E ADOLESCENTE);1;1;9;1;100166;TOCANTINS;NAO_APROVADO
407020241;FECHAMENTO DE ENTEROSTOMIA (QUALQUER SEGMENTO);9;1;9;9;100167;TOCANTINS;NAO_APROVADO
406030154;FECHAMENTO PERCUTÂNEO DE COMUNICAÇÃO INTERATRIAL SEPTAL.;1;1;9;1;100168;TOCANTINS;NAO_APROVADO
406030090;FECHAMENTO PERCUTÂNEO DO CANAL ARTERIAL / FISTULAS ARTERIOVENOSAS COM LIBERAÇÃO DE COILS;1;1;9;1;100169;TOCANTINS;NAO_APROVADO
407020276;FISTULECTOMIA / FISTULOTOMIA ANAL;16;1;9;16;100170;TOCANTINS;NAO_APROVADO
416040071;GASTRECTOMIA TOTAL EM ONCOLOGIA;1;1;9;1;100171;TOCANTINS;NAO_APROVADO
407010173;GASTROPLASTIA C/ DERIVACAO INTESTINAL;13;1;9;13;100172;TOCANTINS;NAO_APROVADO
407010211;GASTROSTOMIA;1;1;9;1;100173;TOCANTINS;NAO_APROVADO
416030068;GLOSSECTOMIA PARCIAL EM ONCOLOGIA;2;1;9;2;100174;TOCANTINS;NAO_APROVADO
407020284;HEMORROIDECTOMIA;31;1;9;31;100175;TOCANTINS;NAO_APROVADO
407030131;HEPATECTOMIA PARCIAL;2;1;9;2;100176;TOCANTINS;NAO_APROVADO
416040101;HEPATECTOMIA PARCIAL EM ONCOLOGIA;2;1;9;2;100177;TOCANTINS;NAO_APROVADO
407040048;HERNIOPLASTIA DIAFRAGMATICA (VIA ABDOMINAL);6;1;9;6;100178;TOCANTINS;NAO_APROVADO
407040064;HERNIOPLASTIA EPIGASTRICA;23;1;9;23;100179;TOCANTINS;NAO_APROVADO
407040080;HERNIOPLASTIA INCISIONAL;59;1;9;59;100180;TOCANTINS;NAO_APROVADO
407040099;HERNIOPLASTIA INGUINAL (BILATERAL);38;1;9;38;100181;TOCANTINS;NAO_APROVADO
407040102;HERNIOPLASTIA INGUINAL / CRURAL (UNILATERAL);164;1;9;164;100182;TOCANTINS;NAO_APROVADO
407040110;HERNIOPLASTIA RECIDIVANTE;1;1;9;1;100183;TOCANTINS;NAO_APROVADO
407040129;HERNIOPLASTIA UMBILICAL;119;1;9;119;100184;TOCANTINS;NAO_APROVADO
407020292;HERNIORRAFIA C/ RESSECCAO INTESTINAL (HERNIA ESTRANGULADA);6;1;9;6;100185;TOCANTINS;NAO_APROVADO
407040137;HERNIORRAFIA INGUINAL VIDEOLAPAROSCOPICA;7;1;9;7;100186;TOCANTINS;NAO_APROVADO
407040145;HERNIORRAFIA S/ RESSECCAO INTESTINAL (HERNIA ESTRANGULADA );2;1;9;2;100187;TOCANTINS;NAO_APROVADO
407040153;HERNIORRAFIA UMBILICAL VIDEOLAPAROSCOPICA;2;1;9;2;100188;TOCANTINS;NAO_APROVADO
403030064;HIPOFISECTOMIA TRANSESFENOIDAL POR TECNICA COMPLEMENTAR;4;1;9;4;100189;TOCANTINS;NAO_APROVADO
409060100;HISTERECTOMIA (POR VIA VAGINAL);92;1;9;92;100190;TOCANTINS;NAO_APROVADO
409060119;HISTERECTOMIA C/ ANEXECTOMIA (UNI / BILATERAL);6;1;9;6;100191;TOCANTINS;NAO_APROVADO
416060110;HISTERECTOMIA COM OU SEM ANEXECTOMIA (UNI / BILATERAL) EM ONCOLOGIA;5;1;9;5;100192;TOCANTINS;NAO_APROVADO
409060135;HISTERECTOMIA TOTAL;271;1;9;271;100193;TOCANTINS;NAO_APROVADO
416060064;HISTERECTOMIA TOTAL AMPLIADA EM ONCOLOGIA;14;1;9;14;100194;TOCANTINS;NAO_APROVADO
409060151;HISTERECTOMIA VIDEOLAPAROSCOPICA;62;1;9;62;100195;TOCANTINS;NAO_APROVADO
409060178;HISTEROSCOPIA CIRURGICA C/ RESSECTOSCOPIO;3;1;9;3;100196;TOCANTINS;NAO_APROVADO
406010609;IMPLANTE DE CARDIOVERSOR DESFIBRILADOR (CDI) MULTI-SITIO TRANSVENOSO;2;1;9;2;100197;TOCANTINS;NAO_APROVADO
406010633;IMPLANTE DE MARCAPASSO CARDÍACO MULTI-SITIO TRANSVENOSO;1;1;9;1;100198;TOCANTINS;NAO_APROVADO
406010650;IMPLANTE DE MARCAPASSO DE CÂMARA DUPLA TRANSVENOSO;2;1;9;2;100199;TOCANTINS;NAO_APROVADO
406010676;IMPLANTE DE MARCAPASSO DE CÂMARA ÚNICA TRANSVENOSO;1;1;9;1;100200;TOCANTINS;NAO_APROVADO
406010692;IMPLANTE DE PRÓTESE VALVAR;42;1;9;42;100201;TOCANTINS;NAO_APROVADO
409010170;INSTALACAO ENDOSCOPICA DE CATETER DUPLO J;3;1;9;3;100202;TOCANTINS;NAO_APROVADO
418020019;INTERVENCAO EM FISTULA ARTERIO-VENOSA;1;1;9;1;100203;TOCANTINS;NAO_APROVADO
407020306;JEJUNOSTOMIA / ILEOSTOMIA;1;1;9;1;100204;TOCANTINS;NAO_APROVADO
404030076;LABIOPLASTIA UNILATERAL EM DOIS TEMPOS;2;1;9;2;100205;TOCANTINS;NAO_APROVADO
407040161;LAPAROTOMIA EXPLORADORA;3;1;9;3;100206;TOCANTINS;NAO_APROVADO
416060129;LAPAROTOMIA PARA AVALIAÇÃO DE TUMOR DE OVARIO EM ONCOLOGIA;12;1;9;12;100207;TOCANTINS;NAO_APROVADO
409060186;LAQUEADURA TUBARIA;124;1;9;124;100208;TOCANTINS;NAO_APROVADO
416030335;LIGADURA DE CARÓTIDA EM ONCOLOGIA;1;1;9;1;100209;TOCANTINS;NAO_APROVADO
416020020;LINFADENECTOMIA PELVICA EM ONCOLOGIA;2;1;9;2;100210;TOCANTINS;NAO_APROVADO
416020151;LINFADENECTOMIA RADICAL CERVICAL UNILATERAL EM ONCOLOGIA;1;1;9;1;100211;TOCANTINS;NAO_APROVADO
406020264;LINFADENECTOMIA RADICAL INGUINAL UNILATERAL;2;1;9;2;100212;TOCANTINS;NAO_APROVADO
409010189;LITOTRIPSIA;4;1;9;4;100213;TOCANTINS;NAO_APROVADO
412050048;LOBECTOMIA PULMONAR;5;1;9;5;100214;TOCANTINS;NAO_APROVADO
413040089;MAMOPLASTIA PÓS-CIRURGIA BARIÁTRICA;4;1;9;4;100215;TOCANTINS;NAO_APROVADO
409070190;MARSUPIALIZACAO DE GLANDULA DE BARTOLIN;8;1;9;8;100217;TOCANTINS;NAO_APROVADO
416120024;MASTECTOMIA RADICAL COM LINFADENECTOMIA AXILAR EM ONCOLOGIA;4;1;9;4;100218;TOCANTINS;NAO_APROVADO
410010065;MASTECTOMIA SIMPLES;1;1;9;1;100219;TOCANTINS;NAO_APROVADO
416120032;MASTECTOMIA SIMPLES EM ONCOLOGIA;1;1;9;1;100220;TOCANTINS;NAO_APROVADO
404010210;MASTOIDECTOMIA RADICAL;1;1;9;1;100221;TOCANTINS;NAO_APROVADO
404010229;MASTOIDECTOMIA SUBTOTAL;3;1;9;3;100222;TOCANTINS;NAO_APROVADO
409020079;MEATOTOMIA SIMPLES;1;1;9;1;100223;TOCANTINS;NAO_APROVADO
403050073;MICROCIRURGIA COM RIZOTOMIA A CEU ABERTO;1;1;9;1;100224;TOCANTINS;NAO_APROVADO
403020034;MICROCIRURGIA DE PLEXO BRAQUIAL COM EXPLORAÇÃO E NEUROLISE;4;1;9;4;100225;TOCANTINS;NAO_APROVADO
403020042;MICROCIRURGIA DE PLEXO BRAQUIAL COM MICROENXERTIA;2;1;9;2;100226;TOCANTINS;NAO_APROVADO
403030102;MICROCIRURGIA DE TUMOR MEDULAR;3;1;9;3;100227;TOCANTINS;NAO_APROVADO
403040116;MICROCIRURGIA P/ARA ANEURISMA DA CIRCULAÇÃO CEREBRAL ANTERIOR MENOR QUE 1,5 CM;1;1;9;1;100228;TOCANTINS;NAO_APROVADO
403040094;MICROCIRURGIA PARA ANEURISMA DA CIRCULAÇÃO CEREBRAL ANTERIOR MAIOR QUE 1,5 CM;9;1;9;9;100229;TOCANTINS;NAO_APROVADO
403040124;MICROCIRURGIA PARA ANEURISMA DA CIRCULAÇÃO CEREBRAL POSTERIOR MENOR QUE 1,5 CM;1;1;9;1;100230;TOCANTINS;NAO_APROVADO
403040051;MICROCIRURGIA PARA MALFORMACAO ARTERIO-VENOSA CEREBRAL;1;1;9;1;100231;TOCANTINS;NAO_APROVADO
403030129;MICROCIRURGIA PARA TUMOR DA BASE DO CRANIO;1;1;9;1;100232;TOCANTINS;NAO_APROVADO
403030145;MICROCIRURGIA PARA TUMOR INTRACRANIANO;6;1;9;6;100233;TOCANTINS;NAO_APROVADO
403030153;MICROCIRURGIA PARA TUMOR INTRACRANIANO (COM TECNICA COMPLEMENTAR);1;1;9;1;100234;TOCANTINS;NAO_APROVADO
403040078;MICROCIRURGIA VASCULAR INTRACRANIANA (COM TÉCNICA COMPLEMENTAR);1;1;9;1;100235;TOCANTINS;NAO_APROVADO
403020050;MICRONEUROLISE DE NERVO PERIFERICO;1;1;9;1;100236;TOCANTINS;NAO_APROVADO
403020069;MICRONEURORRAFIA;1;1;9;1;100237;TOCANTINS;NAO_APROVADO
409060194;MIOMECTOMIA;1;1;9;1;100238;TOCANTINS;NAO_APROVADO
409010200;NEFRECTOMIA PARCIAL;9;1;9;9;100240;TOCANTINS;NAO_APROVADO
416010210;NEFRECTOMIA PARCIAL EM ONCOLOGIA;1;1;9;1;100241;TOCANTINS;NAO_APROVADO
409010219;NEFRECTOMIA TOTAL;3;1;9;3;100242;TOCANTINS;NAO_APROVADO
409010227;NEFROLITOTOMIA;2;1;9;2;100243;TOCANTINS;NAO_APROVADO
409010235;NEFROLITOTOMIA PERCUTANEA;31;1;9;31;100244;TOCANTINS;NAO_APROVADO
409010294;NEFROSTOMIA PERCUTANEA;1;1;9;1;100246;TOCANTINS;NAO_APROVADO
403020077;NEUROLISE NAO FUNCIONAL DE NERVOS PERIFERICOS;7;1;9;7;100247;TOCANTINS;NAO_APROVADO
403020085;NEURORRAFIA;1;1;9;1;100248;TOCANTINS;NAO_APROVADO
403020093;NEUROTOMIA SELETIVA DE TRIGEMEO E OUTROS NERVOS CRANIANOS;2;1;9;2;100250;TOCANTINS;NAO_APROVADO
409060216;OOFORECTOMIA / OOFOROPLASTIA;25;1;9;25;100251;TOCANTINS;NAO_APROVADO
409040126;ORQUIDOPEXIA BILATERAL;12;1;9;12;100252;TOCANTINS;NAO_APROVADO
409040134;ORQUIDOPEXIA UNILATERAL;11;1;9;11;100253;TOCANTINS;NAO_APROVADO
409040169;ORQUIECTOMIA UNILATERAL;5;1;9;5;100254;TOCANTINS;NAO_APROVADO
416010113;ORQUIECTOMIA UNILATERAL EM ONCOLOGIA;1;1;9;1;100255;TOCANTINS;NAO_APROVADO
408010100;OSTECTOMIA DA CLAVÍCULA OU DA ESCÁPULA;4;1;9;4;100256;TOCANTINS;NAO_APROVADO
408060166;OSTECTOMIA DE OSSOS DA MÃO E/OU DO PÉ;3;1;9;3;100257;TOCANTINS;NAO_APROVADO
408060174;OSTECTOMIA DE OSSOS LONGOS EXCETO DA MÃO E DO PÉ;1;1;9;1;100258;TOCANTINS;NAO_APROVADO
408040157;OSTEOTOMIA DA PELVE;1;1;9;1;100259;TOCANTINS;NAO_APROVADO
408060182;OSTEOTOMIA DE OSSOS DA MÃO E/OU DO PÉ;3;1;9;3;100260;TOCANTINS;NAO_APROVADO
408060190;OSTEOTOMIA DE OSSOS LONGOS EXCETO DA MÃO E DO PÉ;21;1;9;21;100261;TOCANTINS;NAO_APROVADO
404030106;PALATOPLASTIA PRIMÁRIA EM PACIENTE COM ANOMALIA CRÂNIO E BUCOMAXILOFACIAL;12;1;9;12;100262;TOCANTINS;NAO_APROVADO
404030262;PALATOPLASTIA SECUNDÁRIA EM PACIENTE COM ANOMALIA CRÂNIO E BUCOMAXILOFACIAL;2;1;9;2;100263;TOCANTINS;NAO_APROVADO
407030182;PANCREATECTOMIA PARCIAL;1;1;9;1;100264;TOCANTINS;NAO_APROVADO
402010027;PARATIREOIDECTOMIA;5;1;9;5;100265;TOCANTINS;NAO_APROVADO
416030017;PAROTIDECTOMIA PARCIAL EM ONCOLOGIA;4;1;9;4;100266;TOCANTINS;NAO_APROVADO
404010466;PAROTIDECTOMIA PARCIAL OU SUBTOTAL;5;1;9;5;100267;TOCANTINS;NAO_APROVADO
406010757;PERICARDIECTOMIA;1;1;9;1;100268;TOCANTINS;NAO_APROVADO
409010316;PIELOLITOTOMIA;5;1;9;5;100269;TOCANTINS;NAO_APROVADO
409010324;PIELOPLASTIA;11;1;9;11;100270;TOCANTINS;NAO_APROVADO
406010781;PLÁSTICA / TROCA DE VÁLVULA TRICÚSPIDE (ANOMALIA DE EBSTEIN);1;1;9;1;100271;TOCANTINS;NAO_APROVADO
407020322;PLASTICA ANAL EXTERNA / ESFINCTEROPLASTIA ANAL;3;1;9;3;100272;TOCANTINS;NAO_APROVADO
410010073;PLASTICA MAMARIA FEMININA NAO ESTETICA;156;1;9;156;100274;TOCANTINS;NAO_APROVADO
410010081;PLASTICA MAMARIA MASCULINA;10;1;9;10;100275;TOCANTINS;NAO_APROVADO
410010090;PLASTICA MAMARIA RECONSTRUTIVA - POS MASTECTOMIA C/ IMPLANTE DE PROTESE;4;1;9;4;100276;TOCANTINS;NAO_APROVADO
410010200;PLASTICA MAMARIA RECONSTRUTIVA BILATERAL INCLUINDO PROTESE MAMARIA DE SILICONE BILATERAL NO PROCESSO TRANSEXUALIZADOR;1;1;9;1;100277;TOCANTINS;NAO_APROVADO
409050075;PLASTICA TOTAL DO PENIS;9;1;9;9;100278;TOCANTINS;NAO_APROVADO
406010803;PLÁSTICA VALVAR;1;1;9;1;100279;TOCANTINS;NAO_APROVADO
406010811;PLÁSTICA VALVAR C/ REVASCULARIZAÇÃO MIOCÁRDICA;4;1;9;4;100280;TOCANTINS;NAO_APROVADO
406010820;PLÁSTICA VALVAR E/OU TROCA VALVAR MÚLTIPLA;10;1;9;10;100281;TOCANTINS;NAO_APROVADO
406020370;PONTE-TROMBOENDARTERECTOMIA DE CARÓTIDA;3;1;9;3;100282;TOCANTINS;NAO_APROVADO
409050083;POSTECTOMIA;25;1;9;25;100283;TOCANTINS;NAO_APROVADO
407020349;PROCTOPEXIA ABDOMINAL POR PROCIDENCIA DO RETO;1;1;9;1;100284;TOCANTINS;NAO_APROVADO
416010121;PROSTATECTOMIA EM ONCOLOGIA;8;1;9;8;100285;TOCANTINS;NAO_APROVADO
409030023;PROSTATECTOMIA SUPRAPÚBICA;34;1;9;34;100286;TOCANTINS;NAO_APROVADO
416010130;PROSTATOVESICULECTOMIA RADICAL EM ONCOLOGIA;10;1;9;10;100287;TOCANTINS;NAO_APROVADO
408020130;RECONSTRUÇÃO CAPSULO-LIGAMENTAR DE COTOVELO PUNHO;4;1;9;4;100288;TOCANTINS;NAO_APROVADO
416080081;RECONSTRUÇÃO COM RETALHO MIOCUTÂNEO (QUALQUER PARTE) EM ONCOLOGIA;3;1;9;3;100289;TOCANTINS;NAO_APROVADO
406010846;RECONSTRUÇÃO DA RAIZ DA AORTA C/ TUBO VALVADO;1;1;9;1;100290;TOCANTINS;NAO_APROVADO
408050136;RECONSTRUCAO DE TENDAO PATELAR / TENDAO QUADRICIPITAL;2;1;9;2;100291;TOCANTINS;NAO_APROVADO
408050144;RECONSTRUCAO LIGAMENTAR DO TORNOZELO;1;1;9;1;100292;TOCANTINS;NAO_APROVADO
408050152;RECONSTRUCAO LIGAMENTAR EXTRA-ARTICULAR DO JOELHO;14;1;9;14;100293;TOCANTINS;NAO_APROVADO
408050160;RECONSTRUCAO LIGAMENTAR INTRA-ARTICULAR DO JOELHO (CRUZADO ANTERIOR);151;1;9;151;100294;TOCANTINS;NAO_APROVADO
408050179;RECONSTRUCAO LIGAMENTAR INTRA-ARTICULAR DO JOELHO (CRUZADO POSTERIOR C/ OU S/ ANTERIOR);8;1;9;8;100295;TOCANTINS;NAO_APROVADO
408040165;RECONSTRUÇÃO OSTEOPLASTICA DO QUADRIL;1;1;9;1;100296;TOCANTINS;NAO_APROVADO
404020739;RECONSTRUÇÃO PARCIAL DE MANDÍBULA / MAXILA;3;1;9;3;100297;TOCANTINS;NAO_APROVADO
404020232;RECONSTRUÇÃO TOTAL OU PARCIAL DE LÁBIO;1;1;9;1;100298;TOCANTINS;NAO_APROVADO
404020240;RECONSTRUÇÃO TOTAL OU PARCIAL DE NARIZ;2;1;9;2;100299;TOCANTINS;NAO_APROVADO
408050225;REDUCAO INCRUENTA DE FRATURA DIAFISARIA / LESAO FISARIA DISTAL DA TIBIA C/ OU S/ FRATURA DA FIBULA;1;1;9;1;100300;TOCANTINS;NAO_APROVADO
408050233;REDUCAO INCRUENTA DE FRATURA DIAFISARIA / LESAO FISARIA PROXIMAL DO FEMUR;1;1;9;1;100301;TOCANTINS;NAO_APROVADO
408010134;REDUCAO INCRUENTA DE LUXAÇÃO OU FRATURA / LUXAÇÃO ESCÁPULO-UMERAL;1;1;9;1;100302;TOCANTINS;NAO_APROVADO
408020245;REDUÇÃO INCRUENTA DE LUXAÇÃO OU FRATURA / LUXACAO NO PUNHO;1;1;9;1;100303;TOCANTINS;NAO_APROVADO
408020253;REIMPLANTE DO OMBRO ATÉ O TERÇO MÉDIO DO ANTEBRAÇO;2;1;9;2;100304;TOCANTINS;NAO_APROVADO
416010199;REIMPLANTE URETERAL EM ONCOLOGIA - URETEROENTEROSTOMIA;1;1;9;1;100305;TOCANTINS;NAO_APROVADO
408060204;REINSERÇÃO MUSCULAR;1;1;9;1;100306;TOCANTINS;NAO_APROVADO
407040226;REPARACAO DE OUTRAS HERNIAS;2;1;9;2;100307;TOCANTINS;NAO_APROVADO
408050322;REPARO DE BAINHA TENDINOSA AO NIVEL DO TORNOZELO;1;1;9;1;100308;TOCANTINS;NAO_APROVADO
408010142;REPARO DE ROTURA DO MANGUITO ROTADOR (INCLUI PROCEDIMENTOS DESCOMPRESSIVOS);51;1;9;51;100309;TOCANTINS;NAO_APROVADO
408060212;RESSECÇÃO DE CISTO SINOVIAL;11;1;9;11;100310;TOCANTINS;NAO_APROVADO
404020070;RESSECÇÃO DE GLÂNDULA SALIVAR;2;1;9;2;100311;TOCANTINS;NAO_APROVADO
416030041;RESSECÇÃO DE GLANDULA SUBMANDIBULAR EM ONCOLOGIA;1;1;9;1;100312;TOCANTINS;NAO_APROVADO
416120040;RESSECÇÃO DE LESÃO NÃO PALPÁVEL DE MAMA COM MARCAÇÃO EM ONCOLOGIA (POR MAMA);1;1;9;1;100313;TOCANTINS;NAO_APROVADO
416090133;RESSECÇÃO DE TUMOR DE PARTES MOLES EM ONCOLOGIA;7;1;9;7;100315;TOCANTINS;NAO_APROVADO
406010900;RESSECÇÃO DE TUMOR INTRACARDÍACO;1;1;9;1;100316;TOCANTINS;NAO_APROVADO
408060271;RESSECÇÃO DE TUMOR ÓSSEO E RECONSTRUÇÃO C/ ENXERTO;1;1;9;1;100317;TOCANTINS;NAO_APROVADO
403030161;RESSECÇÃO DE TUMOR RAQUIMEDULAR EXTRADURAL;1;1;9;1;100318;TOCANTINS;NAO_APROVADO
409010367;RESSECCAO DO COLO VESICAL / TUMOR VESICAL A CEU ABERTO;1;1;9;1;100319;TOCANTINS;NAO_APROVADO
408020091;RESSECÇÃO DO OLECRANO E/OU CABEÇA DO RÁDIO;1;1;9;1;100320;TOCANTINS;NAO_APROVADO
409020109;RESSECCAO E FECHAMENTO DE FISTULA URETRAL;2;1;9;2;100321;TOCANTINS;NAO_APROVADO
409030040;RESSECCAO ENDOSCOPICA DE PROSTATA;45;1;9;45;100322;TOCANTINS;NAO_APROVADO
416010172;RESSECÇÃO ENDOSCÓPICA DE TUMOR VESICAL EM ONCOLOGIA;2;1;9;2;100323;TOCANTINS;NAO_APROVADO
408060310;RESSECÇÃO SIMPLES DE TUMOR ÓSSEO / DE PARTES MOLES;8;1;9;8;100324;TOCANTINS;NAO_APROVADO
408060328;RETIRADA DE CORPO ESTRANHO INTRA-ARTICULAR;1;1;9;1;100325;TOCANTINS;NAO_APROVADO
408060336;RETIRADA DE CORPO ESTRANHO INTRA-ÓSSEO;1;1;9;1;100326;TOCANTINS;NAO_APROVADO
408060344;RETIRADA DE ESPAÇADORES / OUTROS MATERIAIS;2;1;9;2;100329;TOCANTINS;NAO_APROVADO
408060352;RETIRADA DE FIO OU PINO INTRA-ÓSSEO;3;1;9;3;100330;TOCANTINS;NAO_APROVADO
408060379;RETIRADA DE PLACA E/OU PARAFUSOS;20;1;9;20;100331;TOCANTINS;NAO_APROVADO
408060387;RETIRADA DE PRÓTESE DE SUBSTITUIÇÃO DE GRANDES ARTICULAÇÕES (OMBRO / COTOVELO / QUADRIL / JOELHO);1;1;9;1;100332;TOCANTINS;NAO_APROVADO
410010138;RETIRADA DE PRÓTESE MAMÁRIA UNILATERAL EM CASOS DE COMPLICAÇÃO DA PRÓTESE MAMÁRIA IMPLANTADA;1;1;9;1;100333;TOCANTINS;NAO_APROVADO
406010919;RETIRADA DE SISTEMA DE ESTIMULAÇÃO CARDÍACA ARTIFICIAL;1;1;9;1;100334;TOCANTINS;NAO_APROVADO
408060409;RETIRADA DE TRAÇÃO TRANS-ESQUELÉTICA;1;1;9;1;100335;TOCANTINS;NAO_APROVADO
407020403;RETOSSIGMOIDECTOMIA ABDOMINAL;1;1;9;1;100336;TOCANTINS;NAO_APROVADO
416050077;RETOSSIGMOIDECTOMIA ABDOMINAL EM ONCOLOGIA;5;1;9;5;100337;TOCANTINS;NAO_APROVADO
407020411;RETOSSIGMOIDECTOMIA ABDOMINO-PERINEAL;9;1;9;9;100338;TOCANTINS;NAO_APROVADO
406010927;REVASCULARIZAÇÃO MIOCÁRDICA C/ USO DE EXTRACÓRPOREA;19;1;9;19;100339;TOCANTINS;NAO_APROVADO
406010935;REVASCULARIZAÇÃO MIOCÁRDICA C/ USO DE EXTRACÓRPOREA (C/ 2 OU MAIS ENXERTOS);21;1;9;21;100340;TOCANTINS;NAO_APROVADO
406010943;REVASCULARIZAÇÃO MIOCÁRDICA S/ USO DE EXTRACORPÓREA;3;1;9;3;100341;TOCANTINS;NAO_APROVADO
406010951;REVASCULARIZAÇÃO MIOCÁRDICA S/ USO DE EXTRACORPÓREA (C/ 2 OU MAIS ENXERTOS);1;1;9;1;100342;TOCANTINS;NAO_APROVADO
408050330;REVISAO CIRURGICA DE COTO DE AMPUTACAO EM MEMBRO INFERIOR (EXCETO DEDOS DO PE);1;1;9;1;100343;TOCANTINS;NAO_APROVADO
408050349;REVISAO CIRURGICA DO PE TORTO CONGENITO;4;1;9;4;100344;TOCANTINS;NAO_APROVADO
403010187;REVISAO DE DERIVACAO VENTRICULAR PARA PERITONEO / ATRIO / PLEURA / RAQUE;1;1;9;1;100345;TOCANTINS;NAO_APROVADO
404030130;RINOSEPTOPLASTIA EM PACIENTE COM ANOMALIA CRÂNIO E BUCOMAXILOFACIAL;1;1;9;1;100346;TOCANTINS;NAO_APROVADO
409060232;SALPINGECTOMIA UNI / BILATERAL;1;1;9;1;100347;TOCANTINS;NAO_APROVADO
409060240;SALPINGECTOMIA VIDEOLAPAROSCOPICA;1;1;9;1;100348;TOCANTINS;NAO_APROVADO
416120059;SEGMENTECTOMIA/QUADRANTECTOMIA/SETORECTOMIA DE MAMA EM ONCOLOGIA;10;1;9;10;100349;TOCANTINS;NAO_APROVADO
404010482;SEPTOPLASTIA PARA CORREÇÃO DE DESVIO;9;1;9;9;100350;TOCANTINS;NAO_APROVADO
410010111;SETORECTOMIA / QUADRANTECTOMIA;11;1;9;11;100351;TOCANTINS;NAO_APROVADO
408050357;SINDACTILIA CIRURGICA DOS DEDOS DO PE (PROCEDIMENTO TIPO KELIKIAN);1;1;9;1;100352;TOCANTINS;NAO_APROVADO
402020014;SUPRARRENALECTOMIA BILATERAL;1;1;9;1;100353;TOCANTINS;NAO_APROVADO
416010202;SUPRARRENALECTOMIA EM ONCOLOGIA;3;1;9;3;100354;TOCANTINS;NAO_APROVADO
408060441;TENÓLISE;2;1;9;2;100355;TOCANTINS;NAO_APROVADO
408060450;TENOMIORRAFIA;2;1;9;2;100356;TOCANTINS;NAO_APROVADO
408060468;TENOMIOTOMIA / DESINSERÇÃO;10;1;9;10;100357;TOCANTINS;NAO_APROVADO
408060476;TENOPLASTIA OU ENXERTO DE TENDÃO UNICO;2;1;9;2;100358;TOCANTINS;NAO_APROVADO
408020300;TENOSINOVECTOMIA EM MEMBRO SUPERIOR;1;1;9;1;100359;TOCANTINS;NAO_APROVADO
404010350;TIMPANOPLASTIA (UNI / BILATERAL);7;1;9;7;100360;TOCANTINS;NAO_APROVADO
402010035;TIREOIDECTOMIA PARCIAL;15;1;9;15;100361;TOCANTINS;NAO_APROVADO
402010043;TIREOIDECTOMIA TOTAL;98;1;9;98;100362;TOCANTINS;NAO_APROVADO
416030270;TIREOIDECTOMIA TOTAL EM ONCOLOGIA;14;1;9;14;100363;TOCANTINS;NAO_APROVADO
405050321;TRABECULECTOMIA;1;1;9;1;100364;TOCANTINS;NAO_APROVADO
408060506;TRANSPLANTE DO SEGUNDO PODODÁCTILO P/ POLEGAR / QUALQUER OUTRO DEDO DA MÃO;1;1;9;1;100365;TOCANTINS;NAO_APROVADO
408060530;TRANSPOSIÇÃO / TRANSFERÊNCIA MIOTENDINOSA MÚLTIPLA;3;1;9;3;100366;TOCANTINS;NAO_APROVADO
408060549;TRANSPOSIÇÃO / TRANSFERÊNCIA MIOTENDINOSA ÚNICA;1;1;9;1;100367;TOCANTINS;NAO_APROVADO
416060080;TRAQUELECTOMIA RADICAL EM ONCOLOGIA;1;1;9;1;100368;TOCANTINS;NAO_APROVADO
409060275;TRAQUELOPLASTIA;1;1;9;1;100369;TOCANTINS;NAO_APROVADO
412010097;TRAQUEOPLASTIA POR ACESSO TORÁCICO;5;1;9;5;100370;TOCANTINS;NAO_APROVADO
412010119;TRAQUEORRAFIA E/OU FECHAMENTO DE FISTULA TRAQUEO-CUTANEA;1;1;9;1;100371;TOCANTINS;NAO_APROVADO
415010012;TRATAMENTO C/ CIRURGIAS MULTIPLAS;12;1;9;12;100372;TOCANTINS;NAO_APROVADO
408010231;TRATAMENTO CIRÚRGICO DA SÍNDROME DO IMPACTO SUB-ACROMIAL;4;1;9;4;100373;TOCANTINS;NAO_APROVADO
408050420;TRATAMENTO CIRURGICO DAS DESINSERCOES DAS ESPINHAS INTERCONDILARES / EPICONDILARES;1;1;9;1;100374;TOCANTINS;NAO_APROVADO
407010270;TRATAMENTO CIRURGICO DE ACALASIA (CARDIOMIOPLASTIA);2;1;9;2;100375;TOCANTINS;NAO_APROVADO
407020420;TRATAMENTO CIRURGICO DE ANOMALIAS CONGENITAS DO ANUS E RETO;3;1;9;3;100376;TOCANTINS;NAO_APROVADO
409010430;TRATAMENTO CIRURGICO DE CISTOCELE;4;1;9;4;100378;TOCANTINS;NAO_APROVADO
403010209;TRATAMENTO CIRURGICO DE CRANIOSSINOSTOSE COM SUTURA UNICA;1;1;9;1;100379;TOCANTINS;NAO_APROVADO
403010217;TRATAMENTO CIRÚRGICO DE CRANIOSSINOSTOSE COMPLEXA;1;1;9;1;100380;TOCANTINS;NAO_APROVADO
408020326;TRATAMENTO CIRÚRGICO DE DEDO EM GATILHO;4;1;9;4;100381;TOCANTINS;NAO_APROVADO
408060573;TRATAMENTO CIRÚRGICO DE DEDO EM MARTELO / EM GARRA (MÃO E PÉ);1;1;9;1;100382;TOCANTINS;NAO_APROVADO
408060581;TRATAMENTO CIRÚRGICO DE DEFORMIDADE ARTICULAR POR RETRACAO TENO-CAPSULO-LIGAMENTAR;1;1;9;1;100383;TOCANTINS;NAO_APROVADO
408030658;TRATAMENTO CIRÚRGICO DE DEFORMIDADE DA COLUNA VIA ANTERO-POSTERIOR NOVE OU MAIS NÍVEIS;1;1;9;1;100384;TOCANTINS;NAO_APROVADO
408030909;TRATAMENTO CIRÚRGICO DE DEFORMIDADE DA COLUNA VIA POSTERIOR SETE NÍVEIS;1;1;9;1;100385;TOCANTINS;NAO_APROVADO
414010370;TRATAMENTO CIRÚRGICO DE DENTE INCLUSO EM PACIENTE COM ANOMALIA CRÂNIO E BUCOMAXILOFACIAL;18;1;9;18;100386;TOCANTINS;NAO_APROVADO
403010225;TRATAMENTO CIRURGICO DE DISRAFISMO ABERTO;1;1;9;1;100387;TOCANTINS;NAO_APROVADO
403040086;TRATAMENTO CIRURGICO DE FISTULA CAROTIDEO-CAVERNOSA;1;1;9;1;100388;TOCANTINS;NAO_APROVADO
403010241;TRATAMENTO CIRURGICO DE FISTULA LIQUORICA CRANIANA;1;1;9;1;100389;TOCANTINS;NAO_APROVADO
409070238;TRATAMENTO CIRURGICO DE FISTULA RETO-VAGINAL;1;1;9;1;100390;TOCANTINS;NAO_APROVADO
408020342;TRATAMENTO CIRÚRGICO DE FRATURA / LESÃO FISARIA DAS FALANGES DA MÃO (COM FIXAÇÃO);1;1;9;1;100391;TOCANTINS;NAO_APROVADO
408020350;TRATAMENTO CIRÚRGICO DE FRATURA / LESÃO FISARIA DE EPI~CÔNDILO / EPITROCLEA DO ÚMERO;1;1;9;1;100392;TOCANTINS;NAO_APROVADO
408050489;TRATAMENTO CIRURGICO DE FRATURA / LESAO FISARIA PROXIMAL (COLO) DO FEMUR (SINTESE);2;1;9;2;100393;TOCANTINS;NAO_APROVADO
408050500;TRATAMENTO CIRÚRGICO DE FRATURA DA DIÁFISE DA TÍBIA;1;1;9;1;100394;TOCANTINS;NAO_APROVADO
408050519;TRATAMENTO CIRÚRGICO DE FRATURA DA DIÁFISE DO FÊMUR;1;1;9;1;100395;TOCANTINS;NAO_APROVADO
408020407;TRATAMENTO CIRÚRGICO DE FRATURA DA EXTREMIDADE / METÁFISE DISTAL DOS OSSOS DO ANTEBRAÇO;1;1;9;1;100396;TOCANTINS;NAO_APROVADO
408010177;TRATAMENTO CIRURGICO DE FRATURA DO CORPO DE ESCAPULA;1;1;9;1;100397;TOCANTINS;NAO_APROVADO
408050543;TRATAMENTO CIRÚRGICO DE FRATURA DO PILÃO TIBIAL;1;1;9;1;100398;TOCANTINS;NAO_APROVADO
408050624;TRATAMENTO CIRÚRGICO DE FRATURA SUPRACONDILEANA DO FÊMUR (METÁFISE DISTAL);1;1;9;1;100399;TOCANTINS;NAO_APROVADO
408060590;TRATAMENTO CIRÚRGICO DE FRATURA VICIOSAMENTE CONSOLIDADA DOS OSSOS LONGOS EXCETO DA MÃO E DO PÉ;1;1;9;1;100400;TOCANTINS;NAO_APROVADO
408020466;TRATAMENTO CIRÚRGICO DE FRATURAS DOS OSSOS DO CARPO;1;1;9;1;100401;TOCANTINS;NAO_APROVADO
408050659;TRATAMENTO CIRÚRGICO DE HALUX VALGUS C/ OSTEOTOMIA DO PRIMEIRO OSSO METATARSIANO;10;1;9;10;100402;TOCANTINS;NAO_APROVADO
409040215;TRATAMENTO CIRURGICO DE HIDROCELE;11;1;9;11;100403;TOCANTINS;NAO_APROVADO
409070262;TRATAMENTO CIRURGICO DE HIPERTROFIA DOS PEQUENOS LABIOS;2;1;9;2;100404;TOCANTINS;NAO_APROVADO
409070270;TRATAMENTO CIRURGICO DE INCONTINENCIA URINARIA POR VIA VAGINAL;8;1;9;8;100406;TOCANTINS;NAO_APROVADO
408050667;TRATAMENTO CIRÚRGICO DE LESÃO AGUDA CAPSULO-LIGAMENTAR MEMBRO INFERIOR (JOELHO / TORNOZELO);2;1;9;2;100407;TOCANTINS;NAO_APROVADO
408050675;TRATAMENTO CIRÚRGICO DE LESÃO EVOLUTIVA FISÁRIA NO MEMBRO INFERIOR;1;1;9;1;100408;TOCANTINS;NAO_APROVADO
408020504;TRATAMENTO CIRÚRGICO DE LESÃO EVOLUTIVA FISARIA NO MEMBRO SUPERIOR;1;1;9;1;100409;TOCANTINS;NAO_APROVADO
408010185;TRATAMENTO CIRURGICO DE LUXACAO / FRATURA-LUXACAO ACROMIO-CLAVICULAR;7;1;9;7;100410;TOCANTINS;NAO_APROVADO
408050683;TRATAMENTO CIRÚRGICO DE LUXAÇÃO / FRATURA-LUXAÇÃO AO NÍVEL DO JOELHO;2;1;9;2;100411;TOCANTINS;NAO_APROVADO
408020512;TRATAMENTO CIRÚRGICO DE LUXAÇÃO / FRATURA-LUXAÇÃO CARPO-METACARPIANA;1;1;9;1;100412;TOCANTINS;NAO_APROVADO
408020520;TRATAMENTO CIRÚRGICO DE LUXAÇÃO / FRATURA-LUXACAO DOS OSSOS DO CARPO;2;1;9;2;100413;TOCANTINS;NAO_APROVADO
408010193;TRATAMENTO CIRURGICO DE LUXACAO / FRATURA-LUXACAO ESCAPULO-UMERAL AGUDA;4;1;9;4;100414;TOCANTINS;NAO_APROVADO
408010207;TRATAMENTO CIRURGICO DE LUXACAO / FRATURA-LUXACAO ESTERNO-CLAVICULAR;1;1;9;1;100415;TOCANTINS;NAO_APROVADO
408050705;TRATAMENTO CIRÚRGICO DE LUXAÇÃO / FRATURA-LUXAÇÃO SUBTALAR E INTRA-TARSICA;1;1;9;1;100416;TOCANTINS;NAO_APROVADO
408040343;TRATAMENTO CIRURGICO DE LUXACAO ESPONTANEA / PROGRESSIVA / PARALITICA DO QUADRIL;1;1;9;1;100417;TOCANTINS;NAO_APROVADO
408020547;TRATAMENTO CIRÚRGICO DE LUXAÇÃO OU FRATURA-LUXAÇÃO DO COTOVELO;2;1;9;2;100418;TOCANTINS;NAO_APROVADO
408010215;TRATAMENTO CIRURGICO DE LUXACAO RECIDIVANTE / HABITUAL DE ARTICULACAO ESCAPULO-UMERAL;12;1;9;12;100419;TOCANTINS;NAO_APROVADO
404030319;TRATAMENTO CIRÚRGICO DE MACROSTOMIA /MICROSTOMIA POR ANOMALIA CRANIOFACIAL;1;1;9;1;100420;TOCANTINS;NAO_APROVADO
408060646;TRATAMENTO CIRÚRGICO DE MÃO OU PÉ EM FENDA / DEDO BÍFIDO / MACRODACTILIA / POLIDACTILIA;2;1;9;2;100421;TOCANTINS;NAO_APROVADO
408050721;TRATAMENTO CIRÚRGICO DE METATARSO PRIMO VARO;1;1;9;1;100422;TOCANTINS;NAO_APROVADO
403020115;TRATAMENTO CIRURGICO DE NEUROPATIA COMPRESSIVA COM OU SEM MICROCIRURGIA;3;1;9;3;100423;TOCANTINS;NAO_APROVADO
408050730;TRATAMENTO CIRÚRGICO DE PÉ CAVO;3;1;9;3;100424;TOCANTINS;NAO_APROVADO
408050748;TRATAMENTO CIRÚRGICO DE PÉ PLANO VALGO;9;1;9;9;100425;TOCANTINS;NAO_APROVADO
408050764;TRATAMENTO CIRÚRGICO DE PÉ TORTO CONGÊNITO;13;1;9;13;100426;TOCANTINS;NAO_APROVADO
408050772;TRATAMENTO CIRÚRGICO DE PÉ TORTO CONGÊNITO INVETERADO;2;1;9;2;100427;TOCANTINS;NAO_APROVADO
408060662;TRATAMENTO CIRÚRGICO DE POLIDACTILIA ARTICULADA;3;1;9;3;100428;TOCANTINS;NAO_APROVADO
408050780;TRATAMENTO CIRÚRGICO DE PSEUDARTROSE / RETARDO DE CONSOLIDAÇÃO / PERDA ÓSSEA AO NÍVEL DO TARSO;2;1;9;2;100430;TOCANTINS;NAO_APROVADO
408050799;TRATAMENTO CIRÚRGICO DE PSEUDARTROSE / RETARDO DE CONSOLIDAÇÃO / PERDA ÓSSEA DA DIÁFISE DO FÊMUR;5;1;9;5;100431;TOCANTINS;NAO_APROVADO
408050861;TRATAMENTO CIRÚRGICO DE PSEUDARTROSE / RETARDO DE CONSOLIDAÇÃO / PERDA ÓSSEA DA DIÁFISE TIBIAL;4;1;9;4;100432;TOCANTINS;NAO_APROVADO
408020555;TRATAMENTO CIRÚRGICO DE PSEUDARTROSE / RETARDO DE CONSOLIDAÇÃO / PERDA ÓSSEA DA MÃO;2;1;9;2;100433;TOCANTINS;NAO_APROVADO
408020563;TRATAMENTO CIRÚRGICO DE PSEUDARTROSE / RETARDO DE CONSOLIDAÇÃO / PERDA ÓSSEA DO ANTEBRAÇO;7;1;9;7;100434;TOCANTINS;NAO_APROVADO
408020571;TRATAMENTO CIRÚRGICO DE PSEUDARTROSE / RETARDO DE CONSOLIDAÇÃO / PERDA ÓSSEA DO ÚMERO;5;1;9;5;100435;TOCANTINS;NAO_APROVADO
408050837;TRATAMENTO CIRÚRGICO DE PSEUDARTROSE / RETARDO DE CONSOLIDAÇÃO / PERDA ÓSSEA METÁFISE DISTAL DO FÊMUR;1;1;9;1;100436;TOCANTINS;NAO_APROVADO
408050870;TRATAMENTO CIRÚRGICO DE PSEUDARTROSE / RETARDO DE CONSOLIDAÇÃO/ PERDA ÓSSEA DA METÁFISE TIBIAL;1;1;9;1;100437;TOCANTINS;NAO_APROVADO
408020580;TRATAMENTO CIRÚRGICO DE PSEUDARTROSE AO NÍVEL DO COTOVELO;3;1;9;3;100438;TOCANTINS;NAO_APROVADO
408050853;TRATAMENTO CIRÚRGICO DE PSEUDARTROSE CONGÊNITA DA TÍBIA;1;1;9;1;100439;TOCANTINS;NAO_APROVADO
408020601;TRATAMENTO CIRÚRGICO DE PSEUDO-RETARDO / CONSOLIDAÇÃO / PERDA ÓSSEA AO ÍIVEL DO CARPO;8;1;9;8;100440;TOCANTINS;NAO_APROVADO
407010297;TRATAMENTO CIRURGICO DE REFLUXO GASTROESOFAGICO;1;1;9;1;100441;TOCANTINS;NAO_APROVADO
409010502;TRATAMENTO CIRURGICO DE REFLUXO VESICO-URETERAL;1;1;9;1;100442;TOCANTINS;NAO_APROVADO
408010223;TRATAMENTO CIRURGICO DE RETARDO DE CONSOLIDACAO DA PSEUDARTROSE DE CLAVICULA / ESCAPULA;4;1;9;4;100443;TOCANTINS;NAO_APROVADO
413040208;TRATAMENTO CIRURGICO DE RETRACAO CICATRICIAL DOS DEDOS DA MAO/PE S/ COMPROMETIMENTO TENDINOSO;1;1;9;1;100444;TOCANTINS;NAO_APROVADO
408020610;TRATAMENTO CIRÚRGICO DE ROTURA / DESINSERÇÃO / ARRANCAMENTO CAPSULO-TENO-LIGAMENTAR NA MÃO;1;1;9;1;100445;TOCANTINS;NAO_APROVADO
408050888;TRATAMENTO CIRÚRGICO DE ROTURA DE MENISCO COM SUTURA MENISCAL UNI / BICOMPATIMENTAL;8;1;9;8;100446;TOCANTINS;NAO_APROVADO
408050896;TRATAMENTO CIRÚRGICO DE ROTURA DO MENISCO COM MENISCECTOMIA PARCIAL / TOTAL;38;1;9;38;100447;TOCANTINS;NAO_APROVADO
408060697;TRATAMENTO CIRÚRGICO DE SINDACTILIA COMPLEXA (C/ FUSÃO ÓSSEA);1;1;9;1;100448;TOCANTINS;NAO_APROVADO
408020628;TRATAMENTO CIRÚRGICO DE SINDACTILIA DA MÃO (POR ESPACO INTERDIGITAL);1;1;9;1;100449;TOCANTINS;NAO_APROVADO
408060700;TRATAMENTO CIRÚRGICO DE SINDACTILIA SIMPLES (DOIS DEDOS);3;1;9;3;100450;TOCANTINS;NAO_APROVADO
403020123;TRATAMENTO CIRURGICO DE SINDROME COMPRESSIVA EM TUNEL OSTEO-FIBROSO AO NIVEL DO CARPO;11;1;9;11;100451;TOCANTINS;NAO_APROVADO
409010510;TRATAMENTO CIRURGICO DE URETEROCELE;1;1;9;1;100452;TOCANTINS;NAO_APROVADO
409040231;TRATAMENTO CIRURGICO DE VARICOCELE;5;1;9;5;100453;TOCANTINS;NAO_APROVADO
406020566;TRATAMENTO CIRURGICO DE VARIZES (BILATERAL);91;1;9;91;100454;TOCANTINS;NAO_APROVADO
406020574;TRATAMENTO CIRÚRGICO DE VARIZES (UNILATERAL);10;1;9;10;100455;TOCANTINS;NAO_APROVADO
407010300;TRATAMENTO CIRURGICO DE VARIZES ESOFAGICAS;1;1;9;1;100456;TOCANTINS;NAO_APROVADO
408050918;TRATAMENTO CIRÚRGICO DO HALUX VALGUS S/ OSTEOTOMIA DO PRIMEIRO OSSO METATARSIANO;9;1;9;9;100457;TOCANTINS;NAO_APROVADO
408050926;TRATAMENTO DAS LESÕES OSTEO-CONDRAIS POR FIXAÇÃO OU MOSAICOPLASTIA JOELHO/TORNOZELO;5;1;9;5;100458;TOCANTINS;NAO_APROVADO
406010960;TRATAMENTO DE CONTUSÃO MIOCÁRDICA;1;1;9;1;100459;TOCANTINS;NAO_APROVADO
406040338;TRATAMENTO ENDOVASCULAR DO PSEUDOANEURISMA;1;1;9;1;100460;TOCANTINS;NAO_APROVADO
403020131;TRATAMENTO MICROCIRURGICO DE TUMOR DE NERVO PERIFERICO / NEUROMA;2;1;9;2;100461;TOCANTINS;NAO_APROVADO
414020413;TRATAMENTO ODONTOLOGICO PARA PACIENTES COM NECESSIDADES ESPECIAIS;5;1;9;5;100462;TOCANTINS;NAO_APROVADO
407010335;TRATAMETO CIRURGICO DE MEGAESOFAGO SEM RESSECCAO / CONSERVADOR;1;1;9;1;100463;TOCANTINS;NAO_APROVADO
403010365;TREPANAÇÃO CRANIANA PARA PUNÇÃO OU BIÓPSIA;1;1;9;1;100464;TOCANTINS;NAO_APROVADO
406010986;TROCA DE AORTA ASCENDENTE;2;1;9;2;100465;TOCANTINS;NAO_APROVADO
406011125;TROCA DE GERADOR DE MARCAPASSO DE CÂMARA DUPLA;1;1;9;1;100466;TOCANTINS;NAO_APROVADO
406011133;TROCA DE GERADOR DE MARCAPASSO DE CÂMARA ÚNICA;1;1;9;1;100467;TOCANTINS;NAO_APROVADO
406011206;TROCA VALVAR C/ REVASCULARIZAÇÃO MIOCÁRDICA;4;1;9;4;100468;TOCANTINS;NAO_APROVADO
409010596;URETEROLITOTRIPSIA TRANSURETEROSCÓPICA;11;1;9;11;100469;TOCANTINS;NAO_APROVADO
409020125;URETROPLASTIA (RESSECCAO DE CORDA);1;1;9;1;100470;TOCANTINS;NAO_APROVADO
409020133;URETROPLASTIA AUTOGENA;4;1;9;4;100471;TOCANTINS;NAO_APROVADO
409020176;URETROTOMIA INTERNA;8;1;9;8;100472;TOCANTINS;NAO_APROVADO
406030138;VALVULOPLASTIA PULMONAR PERCUTÂNEA;1;1;9;1;100473;TOCANTINS;NAO_APROVADO
409040240;VASECTOMIA;20;1;9;20;100474;TOCANTINS;NAO_APROVADO
