CODIGO GESTOR;Gestão do Recurso;DESCRIÇÃO DO GESTOR;VALOR;março;abril;maio;junho;julho;agosto;setembro;outubro;novembro;dezembro;% TOTAL;SQ (CODIGO Interno;UF;STATUS
120000;ESTADUAL;Acre;2.550.776,40;0%;10%;15%;15%;10%;10%;10%;10%;10%;10%;100%;30001;ACRE;APROVADO
270000;ESTADUAL;Alagoas;2.835.357,05;0%;0%;0%;0%;0%;0%;0%;0%;0%;0%;0%;30001;ALAGOAS;APROVADO
270430;MUNICIPAL;MACEIO;1.453.549,63;0%;0%;0%;0%;0%;0%;0%;0%;0%;0%;0%;30002;ALAGOAS;APROVADO
270860;MUNICIPAL;SAO MIGUEL DOS CAMPOS;245.095,70;0%;0%;0%;0%;0%;0%;0%;0%;0%;0%;0%;30003;ALAGOAS;APROVADO
270630;MUNICIPAL;PALMEIRA DOS INDIOS;939.637,58;0%;0%;0%;0%;0%;0%;0%;0%;0%;0%;0%;30004;ALAGOAS;APROVADO
270230;MUNICIPAL;CORURIPE;270.060,00;0%;0%;0%;0%;0%;0%;0%;0%;0%;0%;0%;30005;ALAGOAS;APROVADO
270690;MUNICIPAL;PILAR;1.286.437,40;0%;0%;0%;0%;0%;0%;0%;0%;0%;0%;0%;30006;ALAGOAS;APROVADO
270670;MUNICIPAL;PENEDO;1.025.031,00;0%;0%;0%;0%;0%;0%;0%;0%;0%;0%;0%;30007;ALAGOAS;APROVADO
270800;MUNICIPAL;SANTANA DO IPANEMA;1.048.387,10;0%;0%;0%;0%;0%;0%;0%;0%;0%;0%;0%;30008;ALAGOAS;APROVADO
270915;MUNICIPAL;TEOTONIO VILELA;362.190,60;0%;0%;0%;0%;0%;0%;0%;0%;0%;0%;0%;30009;ALAGOAS;APROVADO
160000;ESTADUAL;Amapá;2.468.468,16;0%;0%;14%;14%;12%;12%;12%;12%;12%;12%;100%;30001;AMAPA;APROVADO
130000;ESTADUAL;Amazonas;7.550.130,50;0%;10%;20%;10%;10%;10%;10%;10%;10%;10%;100%;30001;AMAZONAS;APROVADO
130002;MUNICIPAL;ALVARAES;46.071,00;0%;0%;0%;0%;0%;0%;0%;0%;0%;0%;0%;30002;AMAZONAS;APROVADO
130006;MUNICIPAL;AMATURA;33.534,00;0%;0%;0%;0%;0%;0%;0%;0%;0%;0%;0%;30003;AMAZONAS;APROVADO
130020;MUNICIPAL;ATALAIA DO NORTE;58.629,00;0%;0%;0%;0%;0%;0%;0%;0%;0%;0%;0%;30004;AMAZONAS;APROVADO
130014;MUNICIPAL;APUI;63.894,00;0%;0%;0%;0%;0%;0%;0%;0%;0%;0%;0%;30005;AMAZONAS;APROVADO
130030;MUNICIPAL;AUTAZES;115.224,00;0%;0%;0%;0%;0%;0%;0%;0%;0%;0%;0%;30006;AMAZONAS;APROVADO
130050;MUNICIPAL;BARREIRINHA;92.502,00;0%;0%;0%;0%;0%;0%;0%;0%;0%;0%;0%;30007;AMAZONAS;APROVADO
130060;MUNICIPAL;BENJAMIN CONSTANT;126.093,00;0%;0%;0%;0%;0%;0%;0%;0%;0%;0%;0%;30008;AMAZONAS;APROVADO
130070;MUNICIPAL;BOCA DO ACRE;98.229,00;0%;0%;0%;0%;0%;0%;0%;0%;0%;0%;0%;30009;AMAZONAS;APROVADO
130080;MUNICIPAL;BORBA;118.941,00;0%;0%;0%;0%;0%;0%;0%;0%;0%;0%;0%;30010;AMAZONAS;APROVADO
130100;MUNICIPAL;CARAUARI;80.700,00;0%;0%;0%;0%;0%;0%;0%;0%;0%;0%;0%;30011;AMAZONAS;APROVADO
130110;MUNICIPAL;CAREIRO;109.083,00;0%;0%;0%;0%;0%;0%;0%;0%;0%;0%;0%;30012;AMAZONAS;APROVADO
130120;MUNICIPAL;COARI;243.663,00;0%;0%;0%;0%;0%;0%;0%;0%;0%;0%;0%;30013;AMAZONAS;APROVADO
130130;MUNICIPAL;CODAJAS;83.430,00;0%;0%;0%;0%;0%;0%;0%;0%;0%;0%;0%;30014;AMAZONAS;APROVADO
130140;MUNICIPAL;EIRUNEPE;101.499,00;0%;0%;0%;0%;0%;0%;0%;0%;0%;0%;0%;30015;AMAZONAS;APROVADO
130160;MUNICIPAL;FONTE BOA;46.107,00;0%;0%;0%;0%;0%;0%;0%;0%;0%;0%;0%;30016;AMAZONAS;APROVADO
130165;MUNICIPAL;GUAJARA;48.312,00;0%;0%;0%;0%;0%;0%;0%;0%;0%;0%;0%;30017;AMAZONAS;APROVADO
130170;MUNICIPAL;HUMAITA;160.716,00;0%;0%;0%;0%;0%;0%;0%;0%;0%;0%;0%;30018;AMAZONAS;APROVADO
130180;MUNICIPAL;IPIXUNA;87.591,00;0%;0%;0%;0%;0%;0%;0%;0%;0%;0%;0%;30019;AMAZONAS;APROVADO
130185;MUNICIPAL;IRANDUBA;139.707,00;0%;0%;0%;0%;0%;0%;0%;0%;0%;0%;0%;30020;AMAZONAS;APROVADO
130200;MUNICIPAL;ITAPIRANGA;26.166,00;0%;0%;0%;0%;0%;0%;0%;0%;0%;0%;0%;30021;AMAZONAS;APROVADO
130240;MUNICIPAL;LABREA;133.992,00;0%;0%;0%;0%;0%;0%;0%;0%;0%;0%;0%;30022;AMAZONAS;APROVADO
130250;MUNICIPAL;MANACAPURU;279.912,00;0%;0%;0%;0%;0%;0%;0%;0%;0%;0%;0%;30023;AMAZONAS;APROVADO
130255;MUNICIPAL;MANAQUIRI;95.484,00;0%;0%;0%;0%;0%;0%;0%;0%;0%;0%;0%;30024;AMAZONAS;APROVADO
130270;MUNICIPAL;MANICORE;161.307,00;0%;0%;0%;0%;0%;0%;0%;0%;0%;0%;0%;30025;AMAZONAS;APROVADO
130290;MUNICIPAL;MAUES;185.904,00;0%;0%;0%;0%;0%;0%;0%;0%;0%;0%;0%;30026;AMAZONAS;APROVADO
130300;MUNICIPAL;NHAMUNDA;61.005,00;0%;0%;0%;0%;0%;0%;0%;0%;0%;0%;0%;30027;AMAZONAS;APROVADO
130310;MUNICIPAL;NOVA OLINDA DO NORTE;108.648,00;0%;0%;0%;0%;0%;0%;0%;0%;0%;0%;0%;30028;AMAZONAS;APROVADO
130320;MUNICIPAL;NOVO AIRAO;57.309,00;0%;0%;0%;0%;0%;0%;0%;0%;0%;0%;0%;30029;AMAZONAS;APROVADO
130330;MUNICIPAL;NOVO ARIPUANA;74.304,00;0%;0%;0%;0%;0%;0%;0%;0%;0%;0%;0%;30030;AMAZONAS;APROVADO
130340;MUNICIPAL;PARINTINS;327.192,00;0%;0%;0%;0%;0%;0%;0%;0%;0%;0%;0%;30031;AMAZONAS;APROVADO
130353;MUNICIPAL;PRESIDENTE FIGUEIREDO;107.046,00;0%;0%;0%;0%;0%;0%;0%;0%;0%;0%;0%;30032;AMAZONAS;APROVADO
130360;MUNICIPAL;SANTA ISABEL DO RIO NEGRO;74.649,00;0%;0%;0%;0%;0%;0%;0%;0%;0%;0%;0%;30033;AMAZONAS;APROVADO
130370;MUNICIPAL;SANTO ANTONIO DO ICA;58.698,00;0%;0%;0%;0%;0%;0%;0%;0%;0%;0%;0%;30034;AMAZONAS;APROVADO
130390;MUNICIPAL;SAO PAULO DE OLIVENCA;114.750,00;0%;0%;0%;0%;0%;0%;0%;0%;0%;0%;0%;30035;AMAZONAS;APROVADO
130395;MUNICIPAL;SAO SEBASTIAO DO UATUMA;41.244,00;0%;0%;0%;0%;0%;0%;0%;0%;0%;0%;0%;30036;AMAZONAS;APROVADO
130400;MUNICIPAL;SILVES;26.100,00;0%;0%;0%;0%;0%;0%;0%;0%;0%;0%;0%;30037;AMAZONAS;APROVADO
130410;MUNICIPAL;TAPAUA;47.421,00;0%;0%;0%;0%;0%;0%;0%;0%;0%;0%;0%;30038;AMAZONAS;APROVADO
130420;MUNICIPAL;TEFE;166.491,00;0%;0%;0%;0%;0%;0%;0%;0%;0%;0%;0%;30039;AMAZONAS;APROVADO
130423;MUNICIPAL;TONANTINS;53.496,00;0%;0%;0%;0%;0%;0%;0%;0%;0%;0%;0%;30040;AMAZONAS;APROVADO
130430;MUNICIPAL;URUCARA;44.979,00;0%;0%;0%;0%;0%;0%;0%;0%;0%;0%;0%;30041;AMAZONAS;APROVADO
130440;MUNICIPAL;URUCURITUBA;67.713,00;0%;0%;0%;0%;0%;0%;0%;0%;0%;0%;0%;30042;AMAZONAS;APROVADO
130190;MUNICIPAL;ITACOATIARA;292.379,00;0%;0%;0%;0%;0%;0%;0%;0%;0%;0%;0%;30043;AMAZONAS;APROVADO
230000;ESTADUAL;Ceará;9.965.233,84;0%;11%;11%;11%;11%;11%;11%;11%;11%;11%;100%;30001;CEARA;APROVADO
230020;MUNICIPAL;ACARAU;60.815,50;0%;11%;11%;11%;11%;11%;11%;11%;11%;11%;100%;30002;CEARA;APROVADO
230030;MUNICIPAL;ACOPIARA;48.202,72;0%;11%;11%;11%;11%;11%;11%;11%;11%;11%;100%;30003;CEARA;APROVADO
230100;MUNICIPAL;AQUIRAZ;43.541,56;0%;11%;11%;11%;11%;11%;11%;11%;11%;11%;100%;30004;CEARA;APROVADO
230110;MUNICIPAL;ARACATI;31.093,68;0%;11%;11%;11%;11%;11%;11%;11%;11%;11%;100%;30005;CEARA;APROVADO
230120;MUNICIPAL;ARACOIABA;16.800,76;0%;11%;11%;11%;11%;11%;11%;11%;11%;11%;100%;30006;CEARA;APROVADO
230170;MUNICIPAL;AURORA;6.153,32;0%;11%;11%;11%;11%;11%;11%;11%;11%;11%;100%;30007;CEARA;APROVADO
230190;MUNICIPAL;BARBALHA;628.375,40;0%;11%;11%;11%;11%;11%;11%;11%;11%;11%;100%;30008;CEARA;APROVADO
230250;MUNICIPAL;BREJO SANTO;58.385,94;0%;11%;11%;11%;11%;11%;11%;11%;11%;11%;100%;30009;CEARA;APROVADO
230260;MUNICIPAL;CAMOCIM;35.111,88;0%;11%;11%;11%;11%;11%;11%;11%;11%;11%;100%;30010;CEARA;APROVADO
230280;MUNICIPAL;CANINDE;86.458,88;0%;11%;11%;11%;11%;11%;11%;11%;11%;11%;100%;30011;CEARA;APROVADO
230350;MUNICIPAL;CASCAVEL;62.784,06;0%;11%;11%;11%;11%;11%;11%;11%;11%;11%;100%;30012;CEARA;APROVADO
230370;MUNICIPAL;CAUCAIA;388.394,68;0%;11%;11%;11%;11%;11%;11%;11%;11%;11%;100%;30013;CEARA;APROVADO
230410;MUNICIPAL;CRATEUS;14.035,48;0%;11%;11%;11%;11%;11%;11%;11%;11%;11%;100%;30014;CEARA;APROVADO
230420;MUNICIPAL;CRATO;1.538.771,88;0%;11%;11%;11%;11%;11%;11%;11%;11%;11%;100%;30015;CEARA;APROVADO
230423;MUNICIPAL;CROATA;32.396,70;0%;11%;11%;11%;11%;11%;11%;11%;11%;11%;100%;30016;CEARA;APROVADO
230425;MUNICIPAL;CRUZ;4.508,20;0%;11%;11%;11%;11%;11%;11%;11%;11%;11%;100%;30017;CEARA;APROVADO
230428;MUNICIPAL;EUSEBIO;77.474,22;0%;11%;11%;11%;11%;11%;11%;11%;11%;11%;100%;30018;CEARA;APROVADO
230440;MUNICIPAL;FORTALEZA;6.504.231,24;0%;11%;11%;11%;11%;11%;11%;11%;11%;11%;100%;30019;CEARA;APROVADO
230470;MUNICIPAL;GRANJA;41.952,94;0%;11%;11%;11%;11%;11%;11%;11%;11%;11%;100%;30020;CEARA;APROVADO
230500;MUNICIPAL;GUARACIABA DO NORTE;39.429,24;0%;11%;11%;11%;11%;11%;11%;11%;11%;11%;100%;30021;CEARA;APROVADO
230523;MUNICIPAL;HORIZONTE;114.356,66;0%;11%;11%;11%;11%;11%;11%;11%;11%;11%;100%;30022;CEARA;APROVADO
230550;MUNICIPAL;IGUATU;650.669,46;0%;11%;11%;11%;11%;11%;11%;11%;11%;11%;100%;30023;CEARA;APROVADO
230580;MUNICIPAL;IPU;18.977,28;0%;11%;11%;11%;11%;11%;11%;11%;11%;11%;100%;30024;CEARA;APROVADO
230640;MUNICIPAL;ITAPIPOCA;52.450,88;0%;11%;11%;11%;11%;11%;11%;11%;11%;11%;100%;30025;CEARA;APROVADO
230655;MUNICIPAL;ITAREMA;56.417,72;0%;11%;11%;11%;11%;11%;11%;11%;11%;11%;100%;30026;CEARA;APROVADO
230670;MUNICIPAL;JAGUARETAMA;13.784,04;0%;11%;11%;11%;11%;11%;11%;11%;11%;11%;100%;30027;CEARA;APROVADO
230680;MUNICIPAL;JAGUARIBARA;11.748,56;0%;11%;11%;11%;11%;11%;11%;11%;11%;11%;100%;30028;CEARA;APROVADO
230690;MUNICIPAL;JAGUARIBE;52.176,04;0%;11%;11%;11%;11%;11%;11%;11%;11%;11%;100%;30029;CEARA;APROVADO
230730;MUNICIPAL;JUAZEIRO DO NORTE;210.758,06;0%;11%;11%;11%;11%;11%;11%;11%;11%;11%;100%;30030;CEARA;APROVADO
230760;MUNICIPAL;LIMOEIRO DO NORTE;55.671,42;0%;11%;11%;11%;11%;11%;11%;11%;11%;11%;100%;30031;CEARA;APROVADO
230765;MUNICIPAL;MARACANAU;1.652.833,22;0%;11%;11%;11%;11%;11%;11%;11%;11%;11%;100%;30032;CEARA;APROVADO
230810;MUNICIPAL;MAURITI;28.169,88;0%;11%;11%;11%;11%;11%;11%;11%;11%;11%;100%;30033;CEARA;APROVADO
230840;MUNICIPAL;MISSAO VELHA;6.797,36;0%;11%;11%;11%;11%;11%;11%;11%;11%;11%;100%;30034;CEARA;APROVADO
230870;MUNICIPAL;MORADA NOVA;59.203,40;0%;11%;11%;11%;11%;11%;11%;11%;11%;11%;100%;30035;CEARA;APROVADO
230900;MUNICIPAL;MUCAMBO;10.379,62;0%;11%;11%;11%;11%;11%;11%;11%;11%;11%;100%;30036;CEARA;APROVADO
230930;MUNICIPAL;NOVA RUSSAS;112.876,58;0%;11%;11%;11%;11%;11%;11%;11%;11%;11%;100%;30037;CEARA;APROVADO
230950;MUNICIPAL;OROS;10.651,56;0%;11%;11%;11%;11%;11%;11%;11%;11%;11%;100%;30038;CEARA;APROVADO
231020;MUNICIPAL;PARACURU;28.684,60;0%;11%;11%;11%;11%;11%;11%;11%;11%;11%;100%;30039;CEARA;APROVADO
231050;MUNICIPAL;PEDRA BRANCA;12.245,76;0%;11%;11%;11%;11%;11%;11%;11%;11%;11%;100%;30040;CEARA;APROVADO
231070;MUNICIPAL;PENTECOSTE;43.038,04;0%;11%;11%;11%;11%;11%;11%;11%;11%;11%;100%;30041;CEARA;APROVADO
231130;MUNICIPAL;QUIXADA;52.217,04;0%;11%;11%;11%;11%;11%;11%;11%;11%;11%;100%;30042;CEARA;APROVADO
231135;MUNICIPAL;QUIXELO;10.675,36;0%;11%;11%;11%;11%;11%;11%;11%;11%;11%;100%;30043;CEARA;APROVADO
231140;MUNICIPAL;QUIXERAMOBIM;20.865,00;0%;11%;11%;11%;11%;11%;11%;11%;11%;11%;100%;30044;CEARA;APROVADO
231160;MUNICIPAL;REDENCAO;10.702,60;0%;11%;11%;11%;11%;11%;11%;11%;11%;11%;100%;30045;CEARA;APROVADO
231180;MUNICIPAL;RUSSAS;62.984,78;0%;11%;11%;11%;11%;11%;11%;11%;11%;11%;100%;30046;CEARA;APROVADO
231220;MUNICIPAL;SANTA QUITERIA;153.295,20;0%;11%;11%;11%;11%;11%;11%;11%;11%;11%;100%;30047;CEARA;APROVADO
231230;MUNICIPAL;SAO BENEDITO;25.702,62;0%;11%;11%;11%;11%;11%;11%;11%;11%;11%;100%;30048;CEARA;APROVADO
231240;MUNICIPAL;SAO GONCALO DO AMARANTE;24.203,86;0%;11%;11%;11%;11%;11%;11%;11%;11%;11%;100%;30049;CEARA;APROVADO
231290;MUNICIPAL;SOBRAL;2.551.829,94;0%;11%;11%;11%;11%;11%;11%;11%;11%;11%;100%;30050;CEARA;APROVADO
231300;MUNICIPAL;SOLONOPOLE;15.307,20;0%;11%;11%;11%;11%;11%;11%;11%;11%;11%;100%;30051;CEARA;APROVADO
231310;MUNICIPAL;TABULEIRO DO NORTE;81.536,10;0%;11%;11%;11%;11%;11%;11%;11%;11%;11%;100%;30052;CEARA;APROVADO
231320;MUNICIPAL;TAMBORIL;16.479,08;0%;11%;11%;11%;11%;11%;11%;11%;11%;11%;100%;30053;CEARA;APROVADO
231330;MUNICIPAL;TAUA;7.900,02;0%;11%;11%;11%;11%;11%;11%;11%;11%;11%;100%;30054;CEARA;APROVADO
231340;MUNICIPAL;TIANGUA;51.674,10;0%;11%;11%;11%;11%;11%;11%;11%;11%;11%;100%;30055;CEARA;APROVADO
231400;MUNICIPAL;VARZEA ALEGRE;19.628,18;0%;11%;11%;11%;11%;11%;11%;11%;11%;11%;100%;30056;CEARA;APROVADO
530000;ESTADUAL;Distrito Federal;8.703.429,35;5%;10%;11%;11%;11%;11%;11%;11%;11%;8%;100%;30019;DISTRITO FEDERAL;APROVADO
320000;ESTADUAL;Espírito Santo;10.113.205,27;10%;10%;10%;10%;10%;10%;10%;10%;10%;10%;100%;30001;ESPIRITO SANTO;APROVADO
320150;MUNICIPAL;COLATINA;499.949,62;10%;10%;10%;10%;10%;10%;10%;10%;10%;10%;100%;30002;ESPIRITO SANTO;APROVADO
320480;MUNICIPAL;SAO JOSE DO CALCADO;653.795,22;10%;10%;10%;10%;10%;10%;10%;10%;10%;10%;100%;30003;ESPIRITO SANTO;APROVADO
320090;MUNICIPAL;BARRA DE SAO FRANCISCO;289.078,78;10%;10%;10%;10%;10%;10%;10%;10%;10%;10%;100%;30004;ESPIRITO SANTO;APROVADO
210000;ESTADUAL;Maranhão;13.001.793,26;4%;14%;15%;10%;12%;10%;10%;10%;10%;5%;100%;30001;MARANHÃO;APROVADO
210005;MUNICIPAL;ACAILANDIA;107.553,10;4%;14%;15%;10%;12%;10%;10%;10%;10%;5%;100%;30002;MARANHÃO;APROVADO
210060;MUNICIPAL;AMARANTE DO MARANHAO;211.279,69;4%;14%;15%;10%;12%;10%;10%;10%;10%;5%;100%;30003;MARANHÃO;APROVADO
210140;MUNICIPAL;BALSAS;337.372,49;4%;14%;15%;10%;12%;10%;10%;10%;10%;5%;100%;30004;MARANHÃO;APROVADO
210160;MUNICIPAL;BARRA DO CORDA;203.398,03;4%;14%;15%;10%;12%;10%;10%;10%;10%;5%;100%;30005;MARANHÃO;APROVADO
210230;MUNICIPAL;BURITI BRAVO;22.982,22;4%;14%;15%;10%;12%;10%;10%;10%;10%;5%;100%;30006;MARANHÃO;APROVADO
210232;MUNICIPAL;BURITICUPU;17.448,57;4%;14%;15%;10%;12%;10%;10%;10%;10%;5%;100%;30007;MARANHÃO;APROVADO
210280;MUNICIPAL;CAROLINA;42.741,91;4%;14%;15%;10%;12%;10%;10%;10%;10%;5%;100%;30008;MARANHÃO;APROVADO
210325;MUNICIPAL;CIDELANDIA;20.221,15;4%;14%;15%;10%;12%;10%;10%;10%;10%;5%;100%;30009;MARANHÃO;APROVADO
210340;MUNICIPAL;COELHO NETO;97.548,63;4%;14%;15%;10%;12%;10%;10%;10%;10%;5%;100%;30010;MARANHÃO;APROVADO
210350;MUNICIPAL;COLINAS;29.834,96;4%;14%;15%;10%;12%;10%;10%;10%;10%;5%;100%;30011;MARANHÃO;APROVADO
210355;MUNICIPAL;CONCEICAO DO LAGO-ACU;47.132,87;4%;14%;15%;10%;12%;10%;10%;10%;10%;5%;100%;30012;MARANHÃO;APROVADO
210530;MUNICIPAL;IMPERATRIZ;717.758,24;4%;14%;15%;10%;12%;10%;10%;10%;10%;5%;100%;30013;MARANHÃO;APROVADO
210535;MUNICIPAL;ITAIPAVA DO GRAJAU;51.305,10;4%;14%;15%;10%;12%;10%;10%;10%;10%;5%;100%;30014;MARANHÃO;APROVADO
210547;MUNICIPAL;JENIPAPO DOS VIEIRAS;12.689,65;4%;14%;15%;10%;12%;10%;10%;10%;10%;5%;100%;30015;MARANHÃO;APROVADO
210570;MUNICIPAL;LAGO DA PEDRA;149.583,45;4%;14%;15%;10%;12%;10%;10%;10%;10%;5%;100%;30016;MARANHÃO;APROVADO
210600;MUNICIPAL;LIMA CAMPOS;14.409,80;4%;14%;15%;10%;12%;10%;10%;10%;10%;5%;100%;30017;MARANHÃO;APROVADO
210660;MUNICIPAL;MATOES;94.225,94;4%;14%;15%;10%;12%;10%;10%;10%;10%;5%;100%;30018;MARANHÃO;APROVADO
210680;MUNICIPAL;MIRINZAL;21.328,09;4%;14%;15%;10%;12%;10%;10%;10%;10%;5%;100%;30019;MARANHÃO;APROVADO
210780;MUNICIPAL;PARNARAMA;16.627,18;4%;14%;15%;10%;12%;10%;10%;10%;10%;5%;100%;30020;MARANHÃO;APROVADO
210860;MUNICIPAL;PINHEIRO;56.158,76;4%;14%;15%;10%;12%;10%;10%;10%;10%;5%;100%;30021;MARANHÃO;APROVADO
210880;MUNICIPAL;PIRAPEMAS;12.045,69;4%;14%;15%;10%;12%;10%;10%;10%;10%;5%;100%;30022;MARANHÃO;APROVADO
210890;MUNICIPAL;POCAO DE PEDRAS;119.724,33;4%;14%;15%;10%;12%;10%;10%;10%;10%;5%;100%;30023;MARANHÃO;APROVADO
210920;MUNICIPAL;PRESIDENTE JUSCELINO;42.184,45;4%;14%;15%;10%;12%;10%;10%;10%;10%;5%;100%;30024;MARANHÃO;APROVADO
210980;MUNICIPAL;SANTA HELENA;36.315,92;4%;14%;15%;10%;12%;10%;10%;10%;10%;5%;100%;30025;MARANHÃO;APROVADO
211020;MUNICIPAL;SANTA RITA;85.456,08;4%;14%;15%;10%;12%;10%;10%;10%;10%;5%;100%;30026;MARANHÃO;APROVADO
211023;MUNICIPAL;SANTANA DO MARANHAO;7.886,86;4%;14%;15%;10%;12%;10%;10%;10%;10%;5%;100%;30027;MARANHÃO;APROVADO
211090;MUNICIPAL;SAO FRANCISCO DO MARANHAO;67.206,82;4%;14%;15%;10%;12%;10%;10%;10%;10%;5%;100%;30028;MARANHÃO;APROVADO
211107;MUNICIPAL;SAO JOAO DO SOTER;103.089,19;4%;14%;15%;10%;12%;10%;10%;10%;10%;5%;100%;30029;MARANHÃO;APROVADO
211110;MUNICIPAL;SAO JOAO DOS PATOS;21.768,06;4%;14%;15%;10%;12%;10%;10%;10%;10%;5%;100%;30030;MARANHÃO;APROVADO
211120;MUNICIPAL;SAO JOSE DE RIBAMAR;408.190,89;4%;14%;15%;10%;12%;10%;10%;10%;10%;5%;100%;30031;MARANHÃO;APROVADO
211130;MUNICIPAL;SAO LUIS;3.340.432,99;4%;14%;15%;10%;12%;10%;10%;10%;10%;5%;100%;30032;MARANHÃO;APROVADO
211157;MUNICIPAL;SAO PEDRO DOS CRENTES;21.852,44;4%;14%;15%;10%;12%;10%;10%;10%;10%;5%;100%;30033;MARANHÃO;APROVADO
211172;MUNICIPAL;SATUBINHA;20.356,58;4%;14%;15%;10%;12%;10%;10%;10%;10%;5%;100%;30034;MARANHÃO;APROVADO
211220;MUNICIPAL;TIMON;517.805,86;4%;14%;15%;10%;12%;10%;10%;10%;10%;5%;100%;30035;MARANHÃO;APROVADO
211230;MUNICIPAL;TUNTUM;42.320,30;4%;14%;15%;10%;12%;10%;10%;10%;10%;5%;100%;30036;MARANHÃO;APROVADO
310000;ESTADUAL;Minas Gerais;7.615.906,30;0%;10%;12%;14%;14%;15%;15%;10%;5%;5%;100%;30001;MINAS GERAIS;APROVADO
310090;MUNICIPAL;AGUAS FORMOSAS;176.650,72;0%;10%;12%;14%;14%;15%;15%;10%;5%;5%;100%;30002;MINAS GERAIS;APROVADO
310120;MUNICIPAL;AIURUOCA;114.305,25;0%;10%;12%;14%;14%;15%;15%;10%;5%;5%;100%;30003;MINAS GERAIS;APROVADO
310160;MUNICIPAL;ALFENAS;1.116.673,87;0%;10%;12%;14%;14%;15%;15%;10%;5%;5%;100%;30004;MINAS GERAIS;APROVADO
310170;MUNICIPAL;ALMENARA;295.693,41;0%;10%;12%;14%;14%;15%;15%;10%;5%;5%;100%;30005;MINAS GERAIS;APROVADO
310190;MUNICIPAL;ALPINOPOLIS;84.844,01;0%;10%;12%;14%;14%;15%;15%;10%;5%;5%;100%;30006;MINAS GERAIS;APROVADO
310230;MUNICIPAL;ALVINOPOLIS;52.520,45;0%;10%;12%;14%;14%;15%;15%;10%;5%;5%;100%;30007;MINAS GERAIS;APROVADO
310260;MUNICIPAL;ANDRADAS;156.880,51;0%;10%;12%;14%;14%;15%;15%;10%;5%;5%;100%;30008;MINAS GERAIS;APROVADO
310280;MUNICIPAL;ANDRELANDIA;57.175,19;0%;10%;12%;14%;14%;15%;15%;10%;5%;5%;100%;30009;MINAS GERAIS;APROVADO
310340;MUNICIPAL;ARACUAI;251.896,90;0%;10%;12%;14%;14%;15%;15%;10%;5%;5%;100%;30010;MINAS GERAIS;APROVADO
310350;MUNICIPAL;ARAGUARI;385.040,02;0%;10%;12%;14%;14%;15%;15%;10%;5%;5%;100%;30011;MINAS GERAIS;APROVADO
310375;MUNICIPAL;ARAPORA;16.504,99;0%;10%;12%;14%;14%;15%;15%;10%;5%;5%;100%;30012;MINAS GERAIS;APROVADO
310400;MUNICIPAL;ARAXA;362.260,22;0%;10%;12%;14%;14%;15%;15%;10%;5%;5%;100%;30013;MINAS GERAIS;APROVADO
310490;MUNICIPAL;BAEPENDI;377.859,39;0%;10%;12%;14%;14%;15%;15%;10%;5%;5%;100%;30014;MINAS GERAIS;APROVADO
310540;MUNICIPAL;BARAO DE COCAIS;28.523,44;0%;10%;12%;14%;14%;15%;15%;10%;5%;5%;100%;30015;MINAS GERAIS;APROVADO
310560;MUNICIPAL;BARBACENA;628.171,66;0%;10%;12%;14%;14%;15%;15%;10%;5%;5%;100%;30016;MINAS GERAIS;APROVADO
310590;MUNICIPAL;BARROSO;130.611,05;0%;10%;12%;14%;14%;15%;15%;10%;5%;5%;100%;30017;MINAS GERAIS;APROVADO
310620;MUNICIPAL;BELO HORIZONTE;5.811.590,49;0%;10%;12%;14%;14%;15%;15%;10%;5%;5%;100%;30018;MINAS GERAIS;APROVADO
310670;MUNICIPAL;BETIM;1.194.868,11;0%;10%;12%;14%;14%;15%;15%;10%;5%;5%;100%;30019;MINAS GERAIS;APROVADO
310710;MUNICIPAL;BOA ESPERANCA;105.576,57;0%;10%;12%;14%;14%;15%;15%;10%;5%;5%;100%;30020;MINAS GERAIS;APROVADO
310730;MUNICIPAL;BOCAIUVA;250.482,20;0%;10%;12%;14%;14%;15%;15%;10%;5%;5%;100%;30021;MINAS GERAIS;APROVADO
310740;MUNICIPAL;BOM DESPACHO;172.475,30;0%;10%;12%;14%;14%;15%;15%;10%;5%;5%;100%;30022;MINAS GERAIS;APROVADO
310840;MUNICIPAL;BOTELHOS;5.914,41;0%;10%;12%;14%;14%;15%;15%;10%;5%;5%;100%;30023;MINAS GERAIS;APROVADO
310860;MUNICIPAL;BRASILIA DE MINAS;167.997,06;0%;10%;12%;14%;14%;15%;15%;10%;5%;5%;100%;30024;MINAS GERAIS;APROVADO
310900;MUNICIPAL;BRUMADINHO;114.697,77;0%;10%;12%;14%;14%;15%;15%;10%;5%;5%;100%;30025;MINAS GERAIS;APROVADO
310930;MUNICIPAL;BURITIS;56.973,72;0%;10%;12%;14%;14%;15%;15%;10%;5%;5%;100%;30026;MINAS GERAIS;APROVADO
310950;MUNICIPAL;CABO VERDE;10.505,65;0%;10%;12%;14%;14%;15%;15%;10%;5%;5%;100%;30027;MINAS GERAIS;APROVADO
311000;MUNICIPAL;CAETE;137.855,18;0%;10%;12%;14%;14%;15%;15%;10%;5%;5%;100%;30028;MINAS GERAIS;APROVADO
311030;MUNICIPAL;CALDAS;22.890,62;0%;10%;12%;14%;14%;15%;15%;10%;5%;5%;100%;30029;MINAS GERAIS;APROVADO
311100;MUNICIPAL;CAMPESTRE;18.638,78;0%;10%;12%;14%;14%;15%;15%;10%;5%;5%;100%;30030;MINAS GERAIS;APROVADO
311120;MUNICIPAL;CAMPO BELO;237.894,68;0%;10%;12%;14%;14%;15%;15%;10%;5%;5%;100%;30031;MINAS GERAIS;APROVADO
311150;MUNICIPAL;CAMPOS ALTOS;32.507,39;0%;10%;12%;14%;14%;15%;15%;10%;5%;5%;100%;30032;MINAS GERAIS;APROVADO
311160;MUNICIPAL;CAMPOS GERAIS;193.813,51;0%;10%;12%;14%;14%;15%;15%;10%;5%;5%;100%;30033;MINAS GERAIS;APROVADO
311180;MUNICIPAL;CANAPOLIS;162.689,69;0%;10%;12%;14%;14%;15%;15%;10%;5%;5%;100%;30034;MINAS GERAIS;APROVADO
311230;MUNICIPAL;CAPELINHA;97.154,77;0%;10%;12%;14%;14%;15%;15%;10%;5%;5%;100%;30035;MINAS GERAIS;APROVADO
311260;MUNICIPAL;CAPINOPOLIS;23.432,52;0%;10%;12%;14%;14%;15%;15%;10%;5%;5%;100%;30036;MINAS GERAIS;APROVADO
311300;MUNICIPAL;CARAI;20.977,71;0%;10%;12%;14%;14%;15%;15%;10%;5%;5%;100%;30037;MINAS GERAIS;APROVADO
311320;MUNICIPAL;CARANDAI;92.317,71;0%;10%;12%;14%;14%;15%;15%;10%;5%;5%;100%;30038;MINAS GERAIS;APROVADO
311340;MUNICIPAL;CARATINGA;781.783,10;0%;10%;12%;14%;14%;15%;15%;10%;5%;5%;100%;30039;MINAS GERAIS;APROVADO
311370;MUNICIPAL;CARLOS CHAGAS;29.665,91;0%;10%;12%;14%;14%;15%;15%;10%;5%;5%;100%;30040;MINAS GERAIS;APROVADO
311430;MUNICIPAL;CARMO DO PARANAIBA;103.454,26;0%;10%;12%;14%;14%;15%;15%;10%;5%;5%;100%;30041;MINAS GERAIS;APROVADO
311440;MUNICIPAL;CARMO DO RIO CLARO;18.871,89;0%;10%;12%;14%;14%;15%;15%;10%;5%;5%;100%;30042;MINAS GERAIS;APROVADO
311530;MUNICIPAL;CATAGUASES;142.099,23;0%;10%;12%;14%;14%;15%;15%;10%;5%;5%;100%;30043;MINAS GERAIS;APROVADO
311550;MUNICIPAL;CAXAMBU;32.579,25;0%;10%;12%;14%;14%;15%;15%;10%;5%;5%;100%;30044;MINAS GERAIS;APROVADO
311580;MUNICIPAL;CENTRALINA;100.004,11;0%;10%;12%;14%;14%;15%;15%;10%;5%;5%;100%;30045;MINAS GERAIS;APROVADO
311710;MUNICIPAL;CONCEICAO DA APARECIDA;27.542,72;0%;10%;12%;14%;14%;15%;15%;10%;5%;5%;100%;30046;MINAS GERAIS;APROVADO
311730;MUNICIPAL;CONCEICAO DAS ALAGOAS;240.713,29;0%;10%;12%;14%;14%;15%;15%;10%;5%;5%;100%;30047;MINAS GERAIS;APROVADO
311770;MUNICIPAL;CONCEICAO DO RIO VERDE;16.907,40;0%;10%;12%;14%;14%;15%;15%;10%;5%;5%;100%;30048;MINAS GERAIS;APROVADO
311800;MUNICIPAL;CONGONHAS;349.368,97;0%;10%;12%;14%;14%;15%;15%;10%;5%;5%;100%;30049;MINAS GERAIS;APROVADO
311830;MUNICIPAL;CONSELHEIRO LAFAIETE;314.315,65;0%;10%;12%;14%;14%;15%;15%;10%;5%;5%;100%;30050;MINAS GERAIS;APROVADO
311840;MUNICIPAL;CONSELHEIRO PENA;75.535,60;0%;10%;12%;14%;14%;15%;15%;10%;5%;5%;100%;30051;MINAS GERAIS;APROVADO
311860;MUNICIPAL;CONTAGEM;1.026.611,72;0%;10%;12%;14%;14%;15%;15%;10%;5%;5%;100%;30052;MINAS GERAIS;APROVADO
311880;MUNICIPAL;CORACAO DE JESUS;226.678,26;0%;10%;12%;14%;14%;15%;15%;10%;5%;5%;100%;30053;MINAS GERAIS;APROVADO
311930;MUNICIPAL;COROMANDEL;111.923,69;0%;10%;12%;14%;14%;15%;15%;10%;5%;5%;100%;30054;MINAS GERAIS;APROVADO
311940;MUNICIPAL;CORONEL FABRICIANO;312.660,38;0%;10%;12%;14%;14%;15%;15%;10%;5%;5%;100%;30055;MINAS GERAIS;APROVADO
312020;MUNICIPAL;CRISTAIS;16.160,04;0%;10%;12%;14%;14%;15%;15%;10%;5%;5%;100%;30056;MINAS GERAIS;APROVADO
312080;MUNICIPAL;CRUZILIA;161.962,84;0%;10%;12%;14%;14%;15%;15%;10%;5%;5%;100%;30057;MINAS GERAIS;APROVADO
312090;MUNICIPAL;CURVELO;697.033,81;0%;10%;12%;14%;14%;15%;15%;10%;5%;5%;100%;30058;MINAS GERAIS;APROVADO
312160;MUNICIPAL;DIAMANTINA;225.853,82;0%;10%;12%;14%;14%;15%;15%;10%;5%;5%;100%;30059;MINAS GERAIS;APROVADO
312230;MUNICIPAL;DIVINOPOLIS;730.134,86;0%;10%;12%;14%;14%;15%;15%;10%;5%;5%;100%;30060;MINAS GERAIS;APROVADO
312360;MUNICIPAL;ELOI MENDES;459.547,91;0%;10%;12%;14%;14%;15%;15%;10%;5%;5%;100%;30061;MINAS GERAIS;APROVADO
312390;MUNICIPAL;ENTRE RIOS DE MINAS;15.072,78;0%;10%;12%;14%;14%;15%;15%;10%;5%;5%;100%;30062;MINAS GERAIS;APROVADO
312430;MUNICIPAL;ESPINOSA;166.545,51;0%;10%;12%;14%;14%;15%;15%;10%;5%;5%;100%;30063;MINAS GERAIS;APROVADO
312560;MUNICIPAL;FELISBURGO;7.904,46;0%;10%;12%;14%;14%;15%;15%;10%;5%;5%;100%;30064;MINAS GERAIS;APROVADO
312610;MUNICIPAL;FORMIGA;192.618,51;0%;10%;12%;14%;14%;15%;15%;10%;5%;5%;100%;30065;MINAS GERAIS;APROVADO
312670;MUNICIPAL;FRANCISCO SA;178.847,92;0%;10%;12%;14%;14%;15%;15%;10%;5%;5%;100%;30066;MINAS GERAIS;APROVADO
312710;MUNICIPAL;FRUTAL;34.512,84;0%;10%;12%;14%;14%;15%;15%;10%;5%;5%;100%;30067;MINAS GERAIS;APROVADO
312760;MUNICIPAL;GOUVEIA;88.270,05;0%;10%;12%;14%;14%;15%;15%;10%;5%;5%;100%;30068;MINAS GERAIS;APROVADO
312770;MUNICIPAL;GOVERNADOR VALADARES;537.265,53;0%;10%;12%;14%;14%;15%;15%;10%;5%;5%;100%;30069;MINAS GERAIS;APROVADO
312780;MUNICIPAL;GRAO MOGOL;75.406,16;0%;10%;12%;14%;14%;15%;15%;10%;5%;5%;100%;30070;MINAS GERAIS;APROVADO
312800;MUNICIPAL;GUANHAES;247.640,80;0%;10%;12%;14%;14%;15%;15%;10%;5%;5%;100%;30071;MINAS GERAIS;APROVADO
312810;MUNICIPAL;GUAPE;26.001,73;0%;10%;12%;14%;14%;15%;15%;10%;5%;5%;100%;30072;MINAS GERAIS;APROVADO
312860;MUNICIPAL;GUARDA-MOR;26.529,16;0%;10%;12%;14%;14%;15%;15%;10%;5%;5%;100%;30073;MINAS GERAIS;APROVADO
312870;MUNICIPAL;GUAXUPE;30.664,48;0%;10%;12%;14%;14%;15%;15%;10%;5%;5%;100%;30074;MINAS GERAIS;APROVADO
312950;MUNICIPAL;IBIA;99.015,44;0%;10%;12%;14%;14%;15%;15%;10%;5%;5%;100%;30075;MINAS GERAIS;APROVADO
312980;MUNICIPAL;IBIRITE;282.472,33;0%;10%;12%;14%;14%;15%;15%;10%;5%;5%;100%;30076;MINAS GERAIS;APROVADO
313120;MUNICIPAL;IPANEMA;155.936,30;0%;10%;12%;14%;14%;15%;15%;10%;5%;5%;100%;30077;MINAS GERAIS;APROVADO
313130;MUNICIPAL;IPATINGA;280.618,78;0%;10%;12%;14%;14%;15%;15%;10%;5%;5%;100%;30078;MINAS GERAIS;APROVADO
313170;MUNICIPAL;ITABIRA;673.675,86;0%;10%;12%;14%;14%;15%;15%;10%;5%;5%;100%;30079;MINAS GERAIS;APROVADO
313180;MUNICIPAL;ITABIRINHA;24.436,44;0%;10%;12%;14%;14%;15%;15%;10%;5%;5%;100%;30080;MINAS GERAIS;APROVADO
313240;MUNICIPAL;ITAJUBA;220.777,18;0%;10%;12%;14%;14%;15%;15%;10%;5%;5%;100%;30081;MINAS GERAIS;APROVADO
313250;MUNICIPAL;ITAMARANDIBA;70.601,59;0%;10%;12%;14%;14%;15%;15%;10%;5%;5%;100%;30082;MINAS GERAIS;APROVADO
313270;MUNICIPAL;ITAMBACURI;197.972,45;0%;10%;12%;14%;14%;15%;15%;10%;5%;5%;100%;30083;MINAS GERAIS;APROVADO
313300;MUNICIPAL;ITAMONTE;43.804,85;0%;10%;12%;14%;14%;15%;15%;10%;5%;5%;100%;30084;MINAS GERAIS;APROVADO
313310;MUNICIPAL;ITANHANDU;93.558,55;0%;10%;12%;14%;14%;15%;15%;10%;5%;5%;100%;30085;MINAS GERAIS;APROVADO
313330;MUNICIPAL;ITAOBIM;157.619,51;0%;10%;12%;14%;14%;15%;15%;10%;5%;5%;100%;30086;MINAS GERAIS;APROVADO
313380;MUNICIPAL;ITAUNA;162.988,66;0%;10%;12%;14%;14%;15%;15%;10%;5%;5%;100%;30087;MINAS GERAIS;APROVADO
313420;MUNICIPAL;ITUIUTABA;482.129,24;0%;10%;12%;14%;14%;15%;15%;10%;5%;5%;100%;30088;MINAS GERAIS;APROVADO
313440;MUNICIPAL;ITURAMA;206.441,87;0%;10%;12%;14%;14%;15%;15%;10%;5%;5%;100%;30089;MINAS GERAIS;APROVADO
313470;MUNICIPAL;JACINTO;156.071,89;0%;10%;12%;14%;14%;15%;15%;10%;5%;5%;100%;30090;MINAS GERAIS;APROVADO
313490;MUNICIPAL;JACUTINGA;22.697,19;0%;10%;12%;14%;14%;15%;15%;10%;5%;5%;100%;30091;MINAS GERAIS;APROVADO
313510;MUNICIPAL;JANAUBA;451.160,09;0%;10%;12%;14%;14%;15%;15%;10%;5%;5%;100%;30092;MINAS GERAIS;APROVADO
313520;MUNICIPAL;JANUARIA;378.690,13;0%;10%;12%;14%;14%;15%;15%;10%;5%;5%;100%;30093;MINAS GERAIS;APROVADO
313580;MUNICIPAL;JEQUITINHONHA;35.545,17;0%;10%;12%;14%;14%;15%;15%;10%;5%;5%;100%;30094;MINAS GERAIS;APROVADO
313620;MUNICIPAL;JOAO MONLEVADE;275.481,27;0%;10%;12%;14%;14%;15%;15%;10%;5%;5%;100%;30095;MINAS GERAIS;APROVADO
313630;MUNICIPAL;JOAO PINHEIRO;160.172,25;0%;10%;12%;14%;14%;15%;15%;10%;5%;5%;100%;30096;MINAS GERAIS;APROVADO
313670;MUNICIPAL;JUIZ DE FORA;1.442.502,29;0%;10%;12%;14%;14%;15%;15%;10%;5%;5%;100%;30097;MINAS GERAIS;APROVADO
313690;MUNICIPAL;JURUAIA;45.119,69;0%;10%;12%;14%;14%;15%;15%;10%;5%;5%;100%;30098;MINAS GERAIS;APROVADO
313750;MUNICIPAL;LAGOA FORMOSA;101.661,75;0%;10%;12%;14%;14%;15%;15%;10%;5%;5%;100%;30099;MINAS GERAIS;APROVADO
313760;MUNICIPAL;LAGOA SANTA;431.014,92;0%;10%;12%;14%;14%;15%;15%;10%;5%;5%;100%;30100;MINAS GERAIS;APROVADO
313780;MUNICIPAL;LAMBARI;28.534,34;0%;10%;12%;14%;14%;15%;15%;10%;5%;5%;100%;30101;MINAS GERAIS;APROVADO
313820;MUNICIPAL;LAVRAS;336.199,67;0%;10%;12%;14%;14%;15%;15%;10%;5%;5%;100%;30102;MINAS GERAIS;APROVADO
313860;MUNICIPAL;LIMA DUARTE;42.631,05;0%;10%;12%;14%;14%;15%;15%;10%;5%;5%;100%;30103;MINAS GERAIS;APROVADO
313900;MUNICIPAL;MACHADO;134.536,85;0%;10%;12%;14%;14%;15%;15%;10%;5%;5%;100%;30104;MINAS GERAIS;APROVADO
313920;MUNICIPAL;MALACACHETA;143.504,80;0%;10%;12%;14%;14%;15%;15%;10%;5%;5%;100%;30105;MINAS GERAIS;APROVADO
313930;MUNICIPAL;MANGA;509.158,49;0%;10%;12%;14%;14%;15%;15%;10%;5%;5%;100%;30106;MINAS GERAIS;APROVADO
313940;MUNICIPAL;MANHUACU;288.782,17;0%;10%;12%;14%;14%;15%;15%;10%;5%;5%;100%;30107;MINAS GERAIS;APROVADO
313950;MUNICIPAL;MANHUMIRIM;416.665,16;0%;10%;12%;14%;14%;15%;15%;10%;5%;5%;100%;30108;MINAS GERAIS;APROVADO
313960;MUNICIPAL;MANTENA;133.900,49;0%;10%;12%;14%;14%;15%;15%;10%;5%;5%;100%;30109;MINAS GERAIS;APROVADO
314000;MUNICIPAL;MARIANA;130.291,05;0%;10%;12%;14%;14%;15%;15%;10%;5%;5%;100%;30110;MINAS GERAIS;APROVADO
314070;MUNICIPAL;MATEUS LEME;161.945,13;0%;10%;12%;14%;14%;15%;15%;10%;5%;5%;100%;30111;MINAS GERAIS;APROVADO
314110;MUNICIPAL;MATOZINHOS;95.017,06;0%;10%;12%;14%;14%;15%;15%;10%;5%;5%;100%;30112;MINAS GERAIS;APROVADO
314140;MUNICIPAL;MEDINA;288.648,05;0%;10%;12%;14%;14%;15%;15%;10%;5%;5%;100%;30113;MINAS GERAIS;APROVADO
314150;MUNICIPAL;MENDES PIMENTEL;11.595,99;0%;10%;12%;14%;14%;15%;15%;10%;5%;5%;100%;30114;MINAS GERAIS;APROVADO
314180;MUNICIPAL;MINAS NOVAS;127.563,35;0%;10%;12%;14%;14%;15%;15%;10%;5%;5%;100%;30115;MINAS GERAIS;APROVADO
314270;MUNICIPAL;MONTALVANIA;42.284,69;0%;10%;12%;14%;14%;15%;15%;10%;5%;5%;100%;30116;MINAS GERAIS;APROVADO
314280;MUNICIPAL;MONTE ALEGRE DE MINAS;79.197,69;0%;10%;12%;14%;14%;15%;15%;10%;5%;5%;100%;30117;MINAS GERAIS;APROVADO
314290;MUNICIPAL;MONTE AZUL;86.187,65;0%;10%;12%;14%;14%;15%;15%;10%;5%;5%;100%;30118;MINAS GERAIS;APROVADO
314310;MUNICIPAL;MONTE CARMELO;313.806,58;0%;10%;12%;14%;14%;15%;15%;10%;5%;5%;100%;30119;MINAS GERAIS;APROVADO
314320;MUNICIPAL;MONTE SANTO DE MINAS;110.081,24;0%;10%;12%;14%;14%;15%;15%;10%;5%;5%;100%;30120;MINAS GERAIS;APROVADO
314330;MUNICIPAL;MONTES CLAROS;1.881.354,42;0%;10%;12%;14%;14%;15%;15%;10%;5%;5%;100%;30121;MINAS GERAIS;APROVADO
314430;MUNICIPAL;NANUQUE;217.204,96;0%;10%;12%;14%;14%;15%;15%;10%;5%;5%;100%;30122;MINAS GERAIS;APROVADO
314460;MUNICIPAL;NEPOMUCENO;15.692,70;0%;10%;12%;14%;14%;15%;15%;10%;5%;5%;100%;30123;MINAS GERAIS;APROVADO
314480;MUNICIPAL;NOVA LIMA;458.833,04;0%;10%;12%;14%;14%;15%;15%;10%;5%;5%;100%;30124;MINAS GERAIS;APROVADO
314510;MUNICIPAL;NOVA RESENDE;6.938,08;0%;10%;12%;14%;14%;15%;15%;10%;5%;5%;100%;30125;MINAS GERAIS;APROVADO
314520;MUNICIPAL;NOVA SERRANA;492.975,38;0%;10%;12%;14%;14%;15%;15%;10%;5%;5%;100%;30126;MINAS GERAIS;APROVADO
314560;MUNICIPAL;OLIVEIRA;169.810,58;0%;10%;12%;14%;14%;15%;15%;10%;5%;5%;100%;30127;MINAS GERAIS;APROVADO
314590;MUNICIPAL;OURO BRANCO;101.803,56;0%;10%;12%;14%;14%;15%;15%;10%;5%;5%;100%;30128;MINAS GERAIS;APROVADO
314610;MUNICIPAL;OURO PRETO;235.606,33;0%;10%;12%;14%;14%;15%;15%;10%;5%;5%;100%;30129;MINAS GERAIS;APROVADO
314630;MUNICIPAL;PADRE PARAISO;52.570,98;0%;10%;12%;14%;14%;15%;15%;10%;5%;5%;100%;30130;MINAS GERAIS;APROVADO
314700;MUNICIPAL;PARACATU;100.839,65;0%;10%;12%;14%;14%;15%;15%;10%;5%;5%;100%;30131;MINAS GERAIS;APROVADO
314710;MUNICIPAL;PARA DE MINAS;452.387,77;0%;10%;12%;14%;14%;15%;15%;10%;5%;5%;100%;30132;MINAS GERAIS;APROVADO
314720;MUNICIPAL;PARAGUACU;86.700,76;0%;10%;12%;14%;14%;15%;15%;10%;5%;5%;100%;30133;MINAS GERAIS;APROVADO
314730;MUNICIPAL;PARAISOPOLIS;58.014,06;0%;10%;12%;14%;14%;15%;15%;10%;5%;5%;100%;30134;MINAS GERAIS;APROVADO
314760;MUNICIPAL;PASSA QUATRO;60.960,08;0%;10%;12%;14%;14%;15%;15%;10%;5%;5%;100%;30135;MINAS GERAIS;APROVADO
314800;MUNICIPAL;PATOS DE MINAS;876.865,32;0%;10%;12%;14%;14%;15%;15%;10%;5%;5%;100%;30136;MINAS GERAIS;APROVADO
314810;MUNICIPAL;PATROCINIO;372.293,78;0%;10%;12%;14%;14%;15%;15%;10%;5%;5%;100%;30137;MINAS GERAIS;APROVADO
314860;MUNICIPAL;PECANHA;173.585,68;0%;10%;12%;14%;14%;15%;15%;10%;5%;5%;100%;30138;MINAS GERAIS;APROVADO
314870;MUNICIPAL;PEDRA AZUL;125.749,41;0%;10%;12%;14%;14%;15%;15%;10%;5%;5%;100%;30139;MINAS GERAIS;APROVADO
314930;MUNICIPAL;PEDRO LEOPOLDO;165.333,87;0%;10%;12%;14%;14%;15%;15%;10%;5%;5%;100%;30140;MINAS GERAIS;APROVADO
314980;MUNICIPAL;PERDIZES;17.229,49;0%;10%;12%;14%;14%;15%;15%;10%;5%;5%;100%;30141;MINAS GERAIS;APROVADO
314990;MUNICIPAL;PERDOES;73.607,65;0%;10%;12%;14%;14%;15%;15%;10%;5%;5%;100%;30142;MINAS GERAIS;APROVADO
315120;MUNICIPAL;PIRAPORA;373.614,80;0%;10%;12%;14%;14%;15%;15%;10%;5%;5%;100%;30143;MINAS GERAIS;APROVADO
315170;MUNICIPAL;POCO FUNDO;191.840,31;0%;10%;12%;14%;14%;15%;15%;10%;5%;5%;100%;30144;MINAS GERAIS;APROVADO
315180;MUNICIPAL;POCOS DE CALDAS;546.882,27;0%;10%;12%;14%;14%;15%;15%;10%;5%;5%;100%;30145;MINAS GERAIS;APROVADO
315210;MUNICIPAL;PONTE NOVA;280.274,19;0%;10%;12%;14%;14%;15%;15%;10%;5%;5%;100%;30146;MINAS GERAIS;APROVADO
315220;MUNICIPAL;PORTEIRINHA;196.635,38;0%;10%;12%;14%;14%;15%;15%;10%;5%;5%;100%;30147;MINAS GERAIS;APROVADO
315250;MUNICIPAL;POUSO ALEGRE;499.291,76;0%;10%;12%;14%;14%;15%;15%;10%;5%;5%;100%;30148;MINAS GERAIS;APROVADO
315280;MUNICIPAL;PRATA;67.180,43;0%;10%;12%;14%;14%;15%;15%;10%;5%;5%;100%;30149;MINAS GERAIS;APROVADO
315400;MUNICIPAL;RAUL SOARES;97.872,90;0%;10%;12%;14%;14%;15%;15%;10%;5%;5%;100%;30150;MINAS GERAIS;APROVADO
315460;MUNICIPAL;RIBEIRAO DAS NEVES;79.563,20;0%;10%;12%;14%;14%;15%;15%;10%;5%;5%;100%;30151;MINAS GERAIS;APROVADO
315550;MUNICIPAL;RIO PARANAIBA;17.349,71;0%;10%;12%;14%;14%;15%;15%;10%;5%;5%;100%;30152;MINAS GERAIS;APROVADO
315560;MUNICIPAL;RIO PARDO DE MINAS;67.721,68;0%;10%;12%;14%;14%;15%;15%;10%;5%;5%;100%;30153;MINAS GERAIS;APROVADO
315660;MUNICIPAL;RUBIM;39.294,10;0%;10%;12%;14%;14%;15%;15%;10%;5%;5%;100%;30154;MINAS GERAIS;APROVADO
315690;MUNICIPAL;SACRAMENTO;163.083,79;0%;10%;12%;14%;14%;15%;15%;10%;5%;5%;100%;30155;MINAS GERAIS;APROVADO
315700;MUNICIPAL;SALINAS;397.978,68;0%;10%;12%;14%;14%;15%;15%;10%;5%;5%;100%;30156;MINAS GERAIS;APROVADO
315720;MUNICIPAL;SANTA BARBARA;121.309,81;0%;10%;12%;14%;14%;15%;15%;10%;5%;5%;100%;30157;MINAS GERAIS;APROVADO
315770;MUNICIPAL;SANTA JULIANA;38.598,38;0%;10%;12%;14%;14%;15%;15%;10%;5%;5%;100%;30158;MINAS GERAIS;APROVADO
315780;MUNICIPAL;SANTA LUZIA;884.658,54;0%;10%;12%;14%;14%;15%;15%;10%;5%;5%;100%;30159;MINAS GERAIS;APROVADO
315820;MUNICIPAL;SANTA MARIA DO SUACUI;52.836,44;0%;10%;12%;14%;14%;15%;15%;10%;5%;5%;100%;30160;MINAS GERAIS;APROVADO
315960;MUNICIPAL;SANTA RITA DO SAPUCAI;175.986,34;0%;10%;12%;14%;14%;15%;15%;10%;5%;5%;100%;30161;MINAS GERAIS;APROVADO
315990;MUNICIPAL;SANTO ANTONIO DO AMPARO;701.765,72;0%;10%;12%;14%;14%;15%;15%;10%;5%;5%;100%;30162;MINAS GERAIS;APROVADO
316040;MUNICIPAL;SANTO ANTONIO DO MONTE;60.389,18;0%;10%;12%;14%;14%;15%;15%;10%;5%;5%;100%;30163;MINAS GERAIS;APROVADO
316070;MUNICIPAL;SANTOS DUMONT;178.391,56;0%;10%;12%;14%;14%;15%;15%;10%;5%;5%;100%;30164;MINAS GERAIS;APROVADO
316100;MUNICIPAL;SAO DOMINGOS DO PRATA;34.703,01;0%;10%;12%;14%;14%;15%;15%;10%;5%;5%;100%;30165;MINAS GERAIS;APROVADO
316110;MUNICIPAL;SAO FRANCISCO;77.528,22;0%;10%;12%;14%;14%;15%;15%;10%;5%;5%;100%;30166;MINAS GERAIS;APROVADO
316210;MUNICIPAL;SAO GOTARDO;269.790,95;0%;10%;12%;14%;14%;15%;15%;10%;5%;5%;100%;30167;MINAS GERAIS;APROVADO
316240;MUNICIPAL;SAO JOAO DA PONTE;153.781,54;0%;10%;12%;14%;14%;15%;15%;10%;5%;5%;100%;30168;MINAS GERAIS;APROVADO
316250;MUNICIPAL;SAO JOAO DEL REI;187.408,32;0%;10%;12%;14%;14%;15%;15%;10%;5%;5%;100%;30169;MINAS GERAIS;APROVADO
316270;MUNICIPAL;SAO JOAO DO PARAISO;22.180,37;0%;10%;12%;14%;14%;15%;15%;10%;5%;5%;100%;30170;MINAS GERAIS;APROVADO
316280;MUNICIPAL;SAO JOAO EVANGELISTA;160.059,11;0%;10%;12%;14%;14%;15%;15%;10%;5%;5%;100%;30171;MINAS GERAIS;APROVADO
316290;MUNICIPAL;SAO JOAO NEPOMUCENO;116.250,60;0%;10%;12%;14%;14%;15%;15%;10%;5%;5%;100%;30172;MINAS GERAIS;APROVADO
316370;MUNICIPAL;SAO LOURENCO;516.128,64;0%;10%;12%;14%;14%;15%;15%;10%;5%;5%;100%;30173;MINAS GERAIS;APROVADO
316470;MUNICIPAL;SAO SEBASTIAO DO PARAISO;366.107,07;0%;10%;12%;14%;14%;15%;15%;10%;5%;5%;100%;30174;MINAS GERAIS;APROVADO
316680;MUNICIPAL;SERRA DO SALITRE;100.875,00;0%;10%;12%;14%;14%;15%;15%;10%;5%;5%;100%;30175;MINAS GERAIS;APROVADO
316710;MUNICIPAL;SERRO;301.860,49;0%;10%;12%;14%;14%;15%;15%;10%;5%;5%;100%;30176;MINAS GERAIS;APROVADO
316720;MUNICIPAL;SETE LAGOAS;1.363.554,08;0%;10%;12%;14%;14%;15%;15%;10%;5%;5%;100%;30177;MINAS GERAIS;APROVADO
316800;MUNICIPAL;TAIOBEIRAS;493.195,84;0%;10%;12%;14%;14%;15%;15%;10%;5%;5%;100%;30178;MINAS GERAIS;APROVADO
316840;MUNICIPAL;TARUMIRIM;229.392,67;0%;10%;12%;14%;14%;15%;15%;10%;5%;5%;100%;30179;MINAS GERAIS;APROVADO
316860;MUNICIPAL;TEOFILO OTONI;519.135,37;0%;10%;12%;14%;14%;15%;15%;10%;5%;5%;100%;30180;MINAS GERAIS;APROVADO
316870;MUNICIPAL;TIMOTEO;265.767,23;0%;10%;12%;14%;14%;15%;15%;10%;5%;5%;100%;30181;MINAS GERAIS;APROVADO
316930;MUNICIPAL;TRES CORACOES;333.044,57;0%;10%;12%;14%;14%;15%;15%;10%;5%;5%;100%;30182;MINAS GERAIS;APROVADO
316935;MUNICIPAL;TRES MARIAS;120.064,78;0%;10%;12%;14%;14%;15%;15%;10%;5%;5%;100%;30183;MINAS GERAIS;APROVADO
316940;MUNICIPAL;TRES PONTAS;80.512,48;0%;10%;12%;14%;14%;15%;15%;10%;5%;5%;100%;30184;MINAS GERAIS;APROVADO
317010;MUNICIPAL;UBERABA;751.123,62;0%;10%;12%;14%;14%;15%;15%;10%;5%;5%;100%;30185;MINAS GERAIS;APROVADO
317020;MUNICIPAL;UBERLANDIA;1.426.321,75;0%;10%;12%;14%;14%;15%;15%;10%;5%;5%;100%;30186;MINAS GERAIS;APROVADO
317040;MUNICIPAL;UNAI;228.311,71;0%;10%;12%;14%;14%;15%;15%;10%;5%;5%;100%;30187;MINAS GERAIS;APROVADO
317052;MUNICIPAL;URUCUIA;89.953,47;0%;10%;12%;14%;14%;15%;15%;10%;5%;5%;100%;30188;MINAS GERAIS;APROVADO
317070;MUNICIPAL;VARGINHA;763.768,99;0%;10%;12%;14%;14%;15%;15%;10%;5%;5%;100%;30189;MINAS GERAIS;APROVADO
317080;MUNICIPAL;VARZEA DA PALMA;232.670,00;0%;10%;12%;14%;14%;15%;15%;10%;5%;5%;100%;30190;MINAS GERAIS;APROVADO
317100;MUNICIPAL;VAZANTE;172.532,41;0%;10%;12%;14%;14%;15%;15%;10%;5%;5%;100%;30191;MINAS GERAIS;APROVADO
317120;MUNICIPAL;VESPASIANO;339.469,79;0%;10%;12%;14%;14%;15%;15%;10%;5%;5%;100%;30192;MINAS GERAIS;APROVADO
317130;MUNICIPAL;VICOSA;291.900,58;0%;10%;12%;14%;14%;15%;15%;10%;5%;5%;100%;30193;MINAS GERAIS;APROVADO
317180;MUNICIPAL;VIRGINOPOLIS;45.037,62;0%;10%;12%;14%;14%;15%;15%;10%;5%;5%;100%;30194;MINAS GERAIS;APROVADO
220000;ESTADUAL;Piauí;2.080.376,48;0%;10%;20%;20%;20%;10%;10%;10%;0%;0%;100%;30001;PIAUI;APROVADO
220220;MUNICIPAL;CAMPO MAIOR;460.707,33;0%;10%;10%;20%;20%;10%;10%;10%;10%;0%;100%;30002;PIAUI;APROVADO
220290;MUNICIPAL;CORRENTE;229.094,98;0%;0%;0%;0%;20%;20%;20%;20%;20%;0%;100%;30003;PIAUI;APROVADO
220120;MUNICIPAL;BARRAS;215.959,64;0%;10%;10%;20%;20%;10%;10%;10%;10%;0%;100%;30004;PIAUI;APROVADO
220840;MUNICIPAL;PIRIPIRI;477.524,50;0%;10%;10%;20%;20%;10%;10%;10%;10%;0%;100%;30005;PIAUI;APROVADO
221100;MUNICIPAL;TERESINA;3.109.827,22;0%;10%;10%;20%;20%;10%;10%;10%;10%;0%;100%;30006;PIAUI;APROVADO
220020;MUNICIPAL;AGUA BRANCA;186.547,16;0%;0%;0%;0%;20%;20%;20%;20%;20%;0%;100%;30007;PIAUI;APROVADO
220770;MUNICIPAL;PARNAIBA;792.733,32;0%;0%;10%;20%;20%;20%;10%;10%;10%;0%;100%;30008;PIAUI;APROVADO
221000;MUNICIPAL;SAO JOAO DO PIAUI;125.289,22;0%;0%;10%;10%;20%;20%;10%;10%;10%;10%;100%;30009;PIAUI;APROVADO
220800;MUNICIPAL;PICOS;1.064.530,81;0%;0%;0%;10%;20%;20%;20%;20%;10%;0%;100%;30010;PIAUI;APROVADO
220390;MUNICIPAL;FLORIANO;509.218,09;0%;10%;10%;10%;20%;20%;10%;10%;10%;0%;100%;30011;PIAUI;APROVADO
240000;ESTADUAL;Rio Grande do Norte;5.001.154,58;0%;10%;10%;10%;15%;15%;10%;10%;10%;10%;100%;30001;RIO GRANDE DO NORTE;APROVADO
240020;MUNICIPAL;ACU;91.048,80;0%;10%;10%;10%;15%;15%;10%;10%;10%;10%;100%;30002;RIO GRANDE DO NORTE;APROVADO
240050;MUNICIPAL;ALEXANDRIA;168.984,45;0%;10%;10%;10%;15%;15%;10%;10%;10%;10%;100%;30003;RIO GRANDE DO NORTE;APROVADO
240060;MUNICIPAL;ALMINO AFONSO;168.984,45;0%;10%;10%;10%;15%;15%;10%;10%;10%;10%;100%;30004;RIO GRANDE DO NORTE;APROVADO
240080;MUNICIPAL;ANGICOS;71.564,50;0%;10%;10%;10%;15%;15%;10%;10%;10%;10%;100%;30005;RIO GRANDE DO NORTE;APROVADO
240200;MUNICIPAL;CAICO;417.874,75;0%;10%;10%;10%;15%;15%;10%;10%;10%;10%;100%;30006;RIO GRANDE DO NORTE;APROVADO
240260;MUNICIPAL;CEARA-MIRIM;157.441,90;0%;10%;10%;10%;15%;15%;10%;10%;10%;10%;100%;30007;RIO GRANDE DO NORTE;APROVADO
240310;MUNICIPAL;CURRAIS NOVOS;87.962,40;0%;10%;10%;10%;15%;15%;10%;10%;10%;10%;100%;30008;RIO GRANDE DO NORTE;APROVADO
240325;MUNICIPAL;PARNAMIRIM;726.836,00;0%;10%;10%;10%;15%;15%;10%;10%;10%;10%;100%;30009;RIO GRANDE DO NORTE;APROVADO
240420;MUNICIPAL;GOIANINHA;115.740,00;0%;10%;10%;10%;15%;15%;10%;10%;10%;10%;100%;30010;RIO GRANDE DO NORTE;APROVADO
240450;MUNICIPAL;GUAMARE;34.350,96;0%;10%;10%;10%;15%;15%;10%;10%;10%;10%;100%;30011;RIO GRANDE DO NORTE;APROVADO
240580;MUNICIPAL;JOAO CAMARA;200.616,00;0%;10%;10%;10%;15%;15%;10%;10%;10%;10%;100%;30012;RIO GRANDE DO NORTE;APROVADO
240710;MUNICIPAL;MACAIBA;46.296,00;0%;10%;10%;10%;15%;15%;10%;10%;10%;10%;100%;30013;RIO GRANDE DO NORTE;APROVADO
240800;MUNICIPAL;MOSSORO;921.308,72;0%;10%;10%;10%;15%;15%;10%;10%;10%;10%;100%;30014;RIO GRANDE DO NORTE;APROVADO
240810;MUNICIPAL;NATAL;1.289.379,04;0%;10%;10%;10%;15%;15%;10%;10%;10%;10%;100%;30015;RIO GRANDE DO NORTE;APROVADO
240940;MUNICIPAL;PAU DOS FERROS;47.324,80;0%;10%;10%;10%;15%;15%;10%;10%;10%;10%;100%;30016;RIO GRANDE DO NORTE;APROVADO
241120;MUNICIPAL;SANTA CRUZ;57.484,20;0%;10%;10%;10%;15%;15%;10%;10%;10%;10%;100%;30017;RIO GRANDE DO NORTE;APROVADO
241150;MUNICIPAL;SANTO ANTONIO;104.166,00;0%;10%;10%;10%;15%;15%;10%;10%;10%;10%;100%;30018;RIO GRANDE DO NORTE;APROVADO
241200;MUNICIPAL;SAO GONCALO DO AMARANTE;59.413,20;0%;10%;10%;10%;15%;15%;10%;10%;10%;10%;100%;30019;RIO GRANDE DO NORTE;APROVADO
241260;MUNICIPAL;SAO PAULO DO POTENGI;57.484,20;0%;10%;10%;10%;15%;15%;10%;10%;10%;10%;100%;30020;RIO GRANDE DO NORTE;APROVADO
241410;MUNICIPAL;TENENTE ANANIAS;121.659,65;0%;10%;10%;10%;15%;15%;10%;10%;10%;10%;100%;30021;RIO GRANDE DO NORTE;APROVADO
240720;MUNICIPAL;MACAU;68.701,92;0%;10%;10%;10%;15%;15%;10%;10%;10%;10%;100%;30022;RIO GRANDE DO NORTE;APROVADO
110000;ESTADUAL;Rondônia;5.105.845,00;0%;0%;15%;15%;15%;15%;15%;15%;10%;0%;100%;30001;RONDONIA;APROVADO
140000;ESTADUAL;Roraima;1.732.984,90;10%;10%;10%;10%;10%;10%;10%;10%;10%;10%;100%;30001;RORAIMA;APROVADO
140010;MUNICIPAL;BOA VISTA;102.905,47;10%;10%;10%;10%;10%;10%;10%;10%;10%;10%;100%;30002;RORAIMA;APROVADO
290000;ESTADUAL;Bahia;21.182.803,42;0%;10%;10%;10%;15%;10%;10%;15%;10%;10%;100%;30001;BAHIA;NAO_APROVADO
290570;MUNICIPAL;CAMACARI;759.658,17;10%;10%;10%;10%;10%;10%;10%;10%;10%;10%;100%;30002;BAHIA;NAO_APROVADO
290600;MUNICIPAL;CAMPO FORMOSO;176.284,29;0%;0%;20%;5%;15%;20%;20%;20%;0%;0%;100%;30003;BAHIA;NAO_APROVADO
291005;MUNICIPAL;DIAS D'AVILA;205.645,35;0%;0%;15%;15%;15%;15%;20%;10%;10%;0%;100%;30004;BAHIA;NAO_APROVADO
291480;MUNICIPAL;ITABUNA;526.054,58;10%;10%;10%;10%;11%;10%;10%;10%;10%;9%;100%;30005;BAHIA;NAO_APROVADO
291800;MUNICIPAL;JEQUIE;383.939,29;0%;0%;20%;10%;20%;15%;10%;15%;10%;0%;100%;30006;BAHIA;NAO_APROVADO
291980;MUNICIPAL;MACAUBAS;124.021,06;0%;50%;50%;0%;0%;0%;0%;0%;0%;0%;100%;30007;BAHIA;NAO_APROVADO
292740;MUNICIPAL;SALVADOR;7.125.465,76;0%;15%;15%;10%;10%;10%;10%;10%;10%;10%;100%;30008;BAHIA;NAO_APROVADO
292880;MUNICIPAL;SANTO ESTEVAO;131.845,93;0%;0%;0%;0%;0%;0%;0%;0%;0%;0%;0%;30009;BAHIA;NAO_APROVADO
292900;MUNICIPAL;SAO FELIX;36.321,14;0%;30%;30%;40%;0%;0%;0%;0%;0%;0%;100%;30010;BAHIA;NAO_APROVADO
293330;MUNICIPAL;VITORIA DA CONQUISTA;844.257,62;0%;10%;13%;12%;12%;12%;12%;12%;12%;5%;100%;30011;BAHIA;NAO_APROVADO
290080;MUNICIPAL;ALCOBACA;55.299,82;0%;0%;0%;0%;0%;0%;0%;0%;0%;0%;0%;30012;BAHIA;NAO_APROVADO
290210;MUNICIPAL;ARACI;134.884,97;0%;0%;0%;0%;0%;0%;0%;0%;0%;0%;0%;30013;BAHIA;NAO_APROVADO
290320;MUNICIPAL;BARREIRAS;389.233,66;0%;0%;0%;0%;0%;0%;0%;0%;0%;0%;0%;30014;BAHIA;NAO_APROVADO
290350;MUNICIPAL;BELO CAMPO;41.797,32;0%;0%;0%;0%;0%;0%;0%;0%;0%;0%;0%;30015;BAHIA;NAO_APROVADO
290410;MUNICIPAL;BOQUIRA;52.786,52;0%;0%;0%;0%;0%;0%;0%;0%;0%;0%;0%;30016;BAHIA;NAO_APROVADO
290460;MUNICIPAL;BRUMADO;165.754,50;0%;0%;0%;0%;0%;0%;0%;0%;0%;0%;0%;30017;BAHIA;NAO_APROVADO
290500;MUNICIPAL;CACULE;57.506,01;0%;0%;0%;0%;0%;0%;0%;0%;0%;0%;0%;30018;BAHIA;NAO_APROVADO
290590;MUNICIPAL;CAMPO ALEGRE DE LOURDES;70.851,28;0%;0%;0%;0%;0%;0%;0%;0%;0%;0%;0%;30019;BAHIA;NAO_APROVADO
290610;MUNICIPAL;CANAPOLIS;23.816,09;0%;0%;0%;0%;0%;0%;0%;0%;0%;0%;0%;30020;BAHIA;NAO_APROVADO
290630;MUNICIPAL;CANAVIEIRAS;75.477,41;0%;0%;0%;0%;0%;0%;0%;0%;0%;0%;0%;30021;BAHIA;NAO_APROVADO
290650;MUNICIPAL;CANDEIAS;215.755,03;0%;0%;0%;0%;0%;0%;0%;0%;0%;0%;0%;30022;BAHIA;NAO_APROVADO
290660;MUNICIPAL;CANDIBA;35.414,58;0%;0%;0%;0%;0%;0%;0%;0%;0%;0%;0%;30023;BAHIA;NAO_APROVADO
290680;MUNICIPAL;CANSANCAO;85.813,11;0%;0%;0%;0%;0%;0%;0%;0%;0%;0%;0%;30024;BAHIA;NAO_APROVADO
290682;MUNICIPAL;CANUDOS;41.352,64;0%;0%;0%;0%;0%;0%;0%;0%;0%;0%;0%;30025;BAHIA;NAO_APROVADO
290690;MUNICIPAL;CARAVELAS;54.457,14;0%;0%;0%;0%;0%;0%;0%;0%;0%;0%;0%;30026;BAHIA;NAO_APROVADO
290710;MUNICIPAL;CARINHANHA;71.536,72;0%;0%;0%;0%;0%;0%;0%;0%;0%;0%;0%;30027;BAHIA;NAO_APROVADO
290730;MUNICIPAL;CASTRO ALVES;64.783,01;0%;0%;0%;0%;0%;0%;0%;0%;0%;0%;0%;30028;BAHIA;NAO_APROVADO
290830;MUNICIPAL;CONCEICAO DO ALMEIDA;41.979,12;0%;0%;0%;0%;0%;0%;0%;0%;0%;0%;0%;30029;BAHIA;NAO_APROVADO
290840;MUNICIPAL;CONCEICAO DO COITE;165.572,70;0%;0%;0%;0%;0%;0%;0%;0%;0%;0%;0%;30030;BAHIA;NAO_APROVADO
290910;MUNICIPAL;CORIBE;34.660,35;0%;0%;0%;0%;0%;0%;0%;0%;0%;0%;0%;30031;BAHIA;NAO_APROVADO
290930;MUNICIPAL;CORRENTINA;79.214,18;0%;0%;0%;0%;0%;0%;0%;0%;0%;0%;0%;30032;BAHIA;NAO_APROVADO
291070;MUNICIPAL;EUCLIDES DA CUNHA;150.139,16;0%;0%;0%;0%;0%;0%;0%;0%;0%;0%;0%;30033;BAHIA;NAO_APROVADO
291072;MUNICIPAL;EUNAPOLIS;283.414,94;0%;0%;0%;0%;0%;0%;0%;0%;0%;0%;0%;30034;BAHIA;NAO_APROVADO
291080;MUNICIPAL;FEIRA DE SANTANA;1.533.297,91;0%;0%;0%;0%;0%;0%;0%;0%;0%;0%;0%;30035;BAHIA;NAO_APROVADO
291085;MUNICIPAL;FILADELFIA;40.080,02;0%;0%;0%;0%;0%;0%;0%;0%;0%;0%;0%;30036;BAHIA;NAO_APROVADO
291120;MUNICIPAL;GANDU;80.528,56;0%;0%;0%;0%;0%;0%;0%;0%;0%;0%;0%;30037;BAHIA;NAO_APROVADO
291170;MUNICIPAL;GUANAMBI;209.694,13;0%;0%;0%;0%;0%;0%;0%;0%;0%;0%;0%;30038;BAHIA;NAO_APROVADO
291200;MUNICIPAL;IBIASSUCE;21.740,11;0%;0%;0%;0%;0%;0%;0%;0%;0%;0%;0%;30039;BAHIA;NAO_APROVADO
291290;MUNICIPAL;IBIRATAIA;35.564,45;0%;0%;0%;0%;0%;0%;0%;0%;0%;0%;0%;30040;BAHIA;NAO_APROVADO
291320;MUNICIPAL;IBOTIRAMA;66.519,96;0%;0%;0%;0%;0%;0%;0%;0%;0%;0%;0%;30041;BAHIA;NAO_APROVADO
291360;MUNICIPAL;ILHEUS;387.285,43;0%;0%;0%;0%;0%;0%;0%;0%;0%;0%;0%;30042;BAHIA;NAO_APROVADO
291400;MUNICIPAL;IPIRA;145.640,78;0%;0%;0%;0%;0%;0%;0%;0%;0%;0%;0%;30043;BAHIA;NAO_APROVADO
291465;MUNICIPAL;ITABELA;75.917,17;0%;0%;0%;0%;0%;0%;0%;0%;0%;0%;0%;30044;BAHIA;NAO_APROVADO
291560;MUNICIPAL;ITAMARAJU;158.273,58;0%;0%;0%;0%;0%;0%;0%;0%;0%;0%;0%;30045;BAHIA;NAO_APROVADO
291640;MUNICIPAL;ITAPETINGA;190.174,96;0%;0%;0%;0%;0%;0%;0%;0%;0%;0%;0%;30046;BAHIA;NAO_APROVADO
291700;MUNICIPAL;ITIUBA;88.788,28;0%;0%;0%;0%;0%;0%;0%;0%;0%;0%;0%;30047;BAHIA;NAO_APROVADO
291735;MUNICIPAL;JABORANDI;20.086,69;0%;0%;0%;0%;0%;0%;0%;0%;0%;0%;0%;30048;BAHIA;NAO_APROVADO
291750;MUNICIPAL;JACOBINA;198.383,09;0%;0%;0%;0%;0%;0%;0%;0%;0%;0%;0%;30049;BAHIA;NAO_APROVADO
291770;MUNICIPAL;JAGUARARI;83.321,93;0%;0%;0%;0%;0%;0%;0%;0%;0%;0%;0%;30050;BAHIA;NAO_APROVADO
291810;MUNICIPAL;JEREMOABO;100.315,52;0%;0%;0%;0%;0%;0%;0%;0%;0%;0%;0%;30051;BAHIA;NAO_APROVADO
291840;MUNICIPAL;JUAZEIRO;539.372,83;0%;0%;0%;0%;0%;0%;0%;0%;0%;0%;0%;30052;BAHIA;NAO_APROVADO
291915;MUNICIPAL;LAPAO;67.126,79;0%;0%;0%;0%;0%;0%;0%;0%;0%;0%;0%;30053;BAHIA;NAO_APROVADO
291950;MUNICIPAL;LIVRAMENTO DE NOSSA SENHORA;113.926,12;0%;0%;0%;0%;0%;0%;0%;0%;0%;0%;0%;30054;BAHIA;NAO_APROVADO
291955;MUNICIPAL;LUIS EDUARDO MAGALHAES;227.672,90;0%;0%;0%;0%;0%;0%;0%;0%;0%;0%;0%;30055;BAHIA;NAO_APROVADO
292050;MUNICIPAL;MARACAS;49.069,40;0%;0%;0%;0%;0%;0%;0%;0%;0%;0%;0%;30056;BAHIA;NAO_APROVADO
292100;MUNICIPAL;MATA DE SAO JOAO;117.048,70;0%;0%;0%;0%;0%;0%;0%;0%;0%;0%;0%;30057;BAHIA;NAO_APROVADO
292110;MUNICIPAL;MEDEIROS NETO;55.869,79;0%;0%;0%;0%;0%;0%;0%;0%;0%;0%;0%;30058;BAHIA;NAO_APROVADO
292150;MUNICIPAL;MONTE SANTO;120.738,79;0%;0%;0%;0%;0%;0%;0%;0%;0%;0%;0%;30059;BAHIA;NAO_APROVADO
292170;MUNICIPAL;MORRO DO CHAPEU;87.132,40;0%;0%;0%;0%;0%;0%;0%;0%;0%;0%;0%;30060;BAHIA;NAO_APROVADO
292200;MUNICIPAL;MUCURI;104.976,05;0%;0%;0%;0%;0%;0%;0%;0%;0%;0%;0%;30061;BAHIA;NAO_APROVADO
292205;MUNICIPAL;MULUNGU DO MORRO;25.720,10;0%;0%;0%;0%;0%;0%;0%;0%;0%;0%;0%;30062;BAHIA;NAO_APROVADO
292300;MUNICIPAL;NOVA VICOSA;108.516,28;0%;0%;0%;0%;0%;0%;0%;0%;0%;0%;0%;30063;BAHIA;NAO_APROVADO
292340;MUNICIPAL;PALMAS DE MONTE ALTO;53.656,23;0%;0%;0%;0%;0%;0%;0%;0%;0%;0%;0%;30064;BAHIA;NAO_APROVADO
292450;MUNICIPAL;PINDAI;40.065,28;0%;0%;0%;0%;0%;0%;0%;0%;0%;0%;0%;30065;BAHIA;NAO_APROVADO
292460;MUNICIPAL;PINDOBACU;49.253,66;0%;0%;0%;0%;0%;0%;0%;0%;0%;0%;0%;30066;BAHIA;NAO_APROVADO
292500;MUNICIPAL;PLANALTO;65.303,85;0%;0%;0%;0%;0%;0%;0%;0%;0%;0%;0%;30067;BAHIA;NAO_APROVADO
292520;MUNICIPAL;POJUCA;99.256,65;0%;0%;0%;0%;0%;0%;0%;0%;0%;0%;0%;30068;BAHIA;NAO_APROVADO
292525;MUNICIPAL;PONTO NOVO;36.186,01;0%;0%;0%;0%;0%;0%;0%;0%;0%;0%;0%;30069;BAHIA;NAO_APROVADO
292530;MUNICIPAL;PORTO SEGURO;374.731,25;0%;0%;0%;0%;0%;0%;0%;0%;0%;0%;0%;30070;BAHIA;NAO_APROVADO
292580;MUNICIPAL;QUEIMADAS;62.471,18;0%;0%;0%;0%;0%;0%;0%;0%;0%;0%;0%;30071;BAHIA;NAO_APROVADO
292600;MUNICIPAL;REMANSO;101.524,26;0%;0%;0%;0%;0%;0%;0%;0%;0%;0%;0%;30072;BAHIA;NAO_APROVADO
292610;MUNICIPAL;RETIROLANDIA;35.839,61;0%;0%;0%;0%;0%;0%;0%;0%;0%;0%;0%;30073;BAHIA;NAO_APROVADO
292800;MUNICIPAL;SANTALUZ;92.630,69;0%;0%;0%;0%;0%;0%;0%;0%;0%;0%;0%;30074;BAHIA;NAO_APROVADO
292810;MUNICIPAL;SANTA MARIA DA VITORIA;97.551,64;0%;0%;0%;0%;0%;0%;0%;0%;0%;0%;0%;30075;BAHIA;NAO_APROVADO
292820;MUNICIPAL;SANTANA;65.822,23;0%;0%;0%;0%;0%;0%;0%;0%;0%;0%;0%;30076;BAHIA;NAO_APROVADO
292850;MUNICIPAL;SANTA TERESINHA;25.845,40;0%;0%;0%;0%;0%;0%;0%;0%;0%;0%;0%;30077;BAHIA;NAO_APROVADO
292860;MUNICIPAL;SANTO AMARO;147.874,00;0%;0%;0%;0%;0%;0%;0%;0%;0%;0%;0%;30078;BAHIA;NAO_APROVADO
292890;MUNICIPAL;SAO DESIDERIO;85.407,74;0%;0%;0%;0%;0%;0%;0%;0%;0%;0%;0%;30079;BAHIA;NAO_APROVADO
292905;MUNICIPAL;SAO FELIX DO CORIBE;38.185,84;0%;0%;0%;0%;0%;0%;0%;0%;0%;0%;0%;30080;BAHIA;NAO_APROVADO
292920;MUNICIPAL;SAO FRANCISCO DO CONDE;99.902,78;0%;0%;0%;0%;0%;0%;0%;0%;0%;0%;0%;30081;BAHIA;NAO_APROVADO
292960;MUNICIPAL;SAPEACU;42.799,68;0%;0%;0%;0%;0%;0%;0%;0%;0%;0%;0%;30082;BAHIA;NAO_APROVADO
293010;MUNICIPAL;SENHOR DO BONFIM;196.083,53;0%;0%;0%;0%;0%;0%;0%;0%;0%;0%;0%;30083;BAHIA;NAO_APROVADO
293015;MUNICIPAL;SERRA DO RAMALHO;77.049,75;0%;0%;0%;0%;0%;0%;0%;0%;0%;0%;0%;30084;BAHIA;NAO_APROVADO
293030;MUNICIPAL;SERRA DOURADA;42.406,60;0%;0%;0%;0%;0%;0%;0%;0%;0%;0%;0%;30085;BAHIA;NAO_APROVADO
293050;MUNICIPAL;SERRINHA;200.702,29;0%;0%;0%;0%;0%;0%;0%;0%;0%;0%;0%;30086;BAHIA;NAO_APROVADO
293070;MUNICIPAL;SIMOES FILHO;336.867,25;0%;0%;0%;0%;0%;0%;0%;0%;0%;0%;0%;30087;BAHIA;NAO_APROVADO
293077;MUNICIPAL;SOBRADINHO;57.179,26;0%;0%;0%;0%;0%;0%;0%;0%;0%;0%;0%;30088;BAHIA;NAO_APROVADO
293135;MUNICIPAL;TEIXEIRA DE FREITAS;403.625,52;0%;0%;0%;0%;0%;0%;0%;0%;0%;0%;0%;30089;BAHIA;NAO_APROVADO
293190;MUNICIPAL;TUCANO;125.057,82;0%;0%;0%;0%;0%;0%;0%;0%;0%;0%;0%;30090;BAHIA;NAO_APROVADO
293260;MUNICIPAL;URANDI;40.959,55;0%;0%;0%;0%;0%;0%;0%;0%;0%;0%;0%;30091;BAHIA;NAO_APROVADO
293360;MUNICIPAL;XIQUE-XIQUE;114.392,91;0%;0%;0%;0%;0%;0%;0%;0%;0%;0%;0%;30092;BAHIA;NAO_APROVADO
170000;ESTADUAL;Tocantins;4.521.041,04;0%;33%;8%;9%;9%;9%;8%;8%;8%;8%;100%;30001;TOCANTINS;NAO_APROVADO
